date,Block,Row,Vine,variety,brix,ph,ta,spec_data
6/24/2021,A,R 3,V 46,Aglianico,4.9,2.45,10.53,1
6/24/2021,A,R 3,V 47,Aglianico,4.9,2.48,10.62,1
6/24/2021,RMI,R 30,V 7,Aglianico,5.1,2.46,11,1
6/24/2021,RMI,R 30,V 8 ,Aglianico,4.7,2.47,10.72,1
6/24/2021,A,R 2,V 22,Barbera,5.2,2.58,11.29,1
6/24/2021,A2,R 5,V 9,Barbera,4.7,2.53,11.03,1
6/24/2021,RMI,R 24,V 1,Barbera,5.4,2.53,12.34,1
6/24/2021,RMI,R 24,V 2,Barbera,5.1,2.48,12.46,1
6/24/2021,A,R 2,V 47,Cab. Sauv.,5.3,2.58,10.46,1
6/24/2021,A2,R 7,V 5,Cab. Sauv.,4.2,2.63,10.32,1
6/24/2021,RMI,R 14,V 1,Cab. Sauv.,4.9,2.62,10.75,1
6/24/2021,RMI,R 14,V 2,Cab. Sauv.,4.9,2.59,11,1
6/24/2021,A,R 2,V 1,Carignane,5,2.61,10.31,1
6/24/2021,A2,R 4,V 13,Carignane,4.5,2.58,10.26,1
6/24/2021,RMI,R 17,V 10,Carignane,4.6,2.56,10.6,1
6/24/2021,RMI,R 17,V 9,Carignane,4.5,2.52,10.7,1
6/24/2021,A,R 1,V 1,Chardonnay,5.3,2.74,8.83,1
6/24/2021,A2,R 1,V 1,Chardonnay,5,2.72,9.52,1
6/24/2021,RMI,R 12 ,V 5,Chardonnay,4.5,2.65,14.19,1
6/24/2021,RMI,R 12 ,V 6,Chardonnay,4.5,2.68,10.16,1
6/24/2021,A,R 3,V 34,Fiano,5.2,2.6,10.56,1
6/24/2021,A,R 3,V 35,Fiano,5.1,2.6,10.6,1
6/24/2021,RMI,R 27,V 10,Fiano,4.8,2.64,10.48,1
6/24/2021,RMI,R 27,V 9,Fiano,4.9,2.68,10.34,1
6/24/2021,A,R 3,V 5,Grenache Noir,5.2,2.67,10,1
6/24/2021,A2,R 8,V 11,Grenache Noir,4.8,2.58,9.55,1
6/24/2021,RMI,R 33,V 7,Grenache Noir,5.2,2.55,9.72,1
6/24/2021,RMI,R 33,V 8,Grenache Noir,5.2,2.66,9.08,1
6/24/2021,A,R 2,V 41,Merlot,5.1,2.43,10.23,1
6/24/2021,A2,R 6,V 1,Merlot,5.3,2.65,10.38,1
6/24/2021,RMI,R 15,V 3,Merlot,5,2.5,10.34,1
6/24/2021,RMI,R 15,V 4,Merlot,5,2.45,10.41,1
6/24/2021,A,R 3,V 43,Montepulciano,4.3,2.5,10.31,1
6/24/2021,A2,R 10,V 11,Montepulciano,4.4,2.5,10.56,1
6/24/2021,RMI,R 31,V 3,Montepulciano,4.5,2.43,10.58,1
6/24/2021,RMI,R 31,V 4,Montepulciano,4.5,2.51,10.39,1
6/24/2021,A2,R 8,V 14,Mourvedre,4.7,2.44,10.45,1
6/24/2021,A2,R 8,V 15,Mourvedre,4.7,2.41,10.46,1
6/24/2021,RMI,R 34,V 3,Mourvedre,5.4,2.4,11,1
6/24/2021,RMI,R 34,V 4,Mourvedre,5.2,2.36,10.15,1
6/24/2021,A,R 3,V 50,Nebbiolo,4.9,2.35,11.72,1
6/24/2021,A2,R 10,V 5,Nebbiolo,5.4,2.4,12.1,1
6/24/2021,RMI,R 25,V 10,Nebbiolo,4.8,2.36,11.52,1
6/24/2021,RMI,R 25,V 9,Nebbiolo,5,2.39,11.43,1
6/24/2021,A,R 2,V 55,Pinot noir,5.3,2.51,11.26,1
6/24/2021,A2,R 7,V 11,Pinot noir,5.1,2.44,11.19,1
6/24/2021,RMI,R 13,V 7,Pinot noir,4.7,2.48,10.71,1
6/24/2021,RMI,R 13,V 8,Pinot noir,4.5,2.52,10.19,1
6/24/2021,RMI,R 20,V 10,Riesling,4.8,2.54,12.94,1
6/24/2021,RMI,R 20,V 9,Riesling,4.9,2.46,10.32,1
6/24/2021,A2 ,R 2,V 13,Riesling,5.1,2.58,11.36,1
6/24/2021,A,R 1,V 25,Riesling,5.5,2.55,12.22,1
6/24/2021,RMI,R 28,V 10,Sagrantino,5.2,2.48,11.27,1
6/24/2021,RMI,R 28,V 9,Sagrantino,5,2.52,10.52,1
6/24/2021,A,R 2,V 16,Sangiovese,5.7,2.44,13.47,1
6/24/2021,A,R 2,V 17,Sangiovese,5.7,2.35,11.11,1
6/24/2021,RMI,R 26,V 5,Sangiovese,5.8,2.4,13.46,1
6/24/2021,RMI,R 26,V 6,Sangiovese,5.8,2.31,12.85,1
6/24/2021,A,R 1,V 13,Sauv. blanc,5.3,2.61,11.82,1
6/24/2021,A2,R 1,V 15,Sauv. blanc,5.7,2.61,13,1
6/24/2021,RMI,R 16,V 1,Sauv. blanc,5.6,2.48,11.16,1
6/24/2021,RMI,R 16,V 2,Sauv. blanc,5.4,2.64,12.2,1
6/24/2021,A,R 2,V 25,Syrah,5.8,2.52,12.87,1
6/24/2021,A2,R 5,V 15,Syrah,4.6,2.6,12.11,1
6/24/2021,RMI,R 19,V 10,Syrah,4.4,2.56,12.58,1
6/24/2021,RMI,R 19,V 9,Syrah,4.5,2.44,10.51,1
6/24/2021,A,R 3,V 13,Tempranillo,5.3,2.54,10.15,1
6/24/2021,A2,R 8,V 1,Tempranillo,5.8,2.71,9.8,1
6/24/2021,RMI,R 35,V 3,Tempranillo,5.6,2.49,10.39,1
6/24/2021,RMI,R 35,V 4,Tempranillo,5.5,2.54,12.57,1
6/24/2021,RMI,R 37,V 7,Tinta Cao,5.3,2.45,10.51,1
6/24/2021,RMI,R 37,V 8,Tinta Cao,5.1,2.56,12.17,1
6/24/2021,RMI,R 38,V 5,Touriga Nacional,5,2.52,13.13,1
6/24/2021,RMI,R 38,V 6,Touriga Nacional,4.8,2.56,12.62,1
6/24/2021,A,R 3,V 29,Verdelho,6.2,2.49,11.23,1
6/24/2021,RMI,R 38,V 7,Verdelho,5.4,2.48,12.41,1
6/24/2021,A2,R 9,V 11,Vermentino,6.3,2.47,13.53,1
6/24/2021,A2,R 9,V 12,Vermentino,6.3,2.71,13.12,1
6/24/2021,A,R 2,V 7,Zinfandel,5.5,2.5,11.61,1
6/24/2021,A2,R 4,V 9,Zinfandel,5.3,2.65,12.92,1
6/24/2021,RMI,R 32,V 3,Zinfandel,5.7,2.48,13.23,1
6/24/2021,RMI,R 32,V 4,Zinfandel,5.5,2.54,13.73,1
7/15/2021,A,R 3,V 46,Aglianico,5.8,2.4,10.01,1
7/15/2021,A,R 3,V 47,Aglianico,5.9,2.4,10.17,1
7/15/2021,RMI,R 30,V 7,Aglianico,5.8,2.35,10.21,1
7/15/2021,RMI,R 30,V 8,Aglianico,5.6,2.29,10.71,1
7/15/2021,A,R 2,V 22,Barbera,9.9,2.62,9.1,1
7/15/2021,A2,R 5,V 9,Barbera,12.9,2.64,6.73,1
7/15/2021,RMI,R 24,V 1,Barbera,9.2,2.56,9.22,1
7/15/2021,RMI,R 24,V 2,Barbera,9,2.47,10.8,1
7/15/2021,A,R 2,V 47,Cab. Sauv.,10.5,2.66,7.5,1
7/15/2021,A2,R 7,V 5,Cab. Sauv.,9.9,2.62,7.4,1
7/15/2021,RMI,R 14,V 1,Cab. Sauv.,11.1,2.93,7.38,1
7/15/2021,RMI,R 14,V 2,Cab. Sauv.,11.9,2.65,6.98,1
7/15/2021,A,R 2,V 1,Carignane,9.8,2.68,7.49,1
7/15/2021,A2,R 4,V 13,Carignane,15.2,2.85,3.75,1
7/15/2021,RMI,R 17,V 9,Carignane,14.6,3.05,4.89,1
7/15/2021,RMI,R 17,V 10,Carignane,14.8,2.98,3.12,1
7/15/2021,A,R 1,V 1,Chardonnay,15.7,3.05,3.63,1
7/15/2021,A2,R 1,V 1,Chardonnay,13.6,2.94,3.8,1
7/15/2021,RMI,R 12,V 5,Chardonnay,12.2,2.76,5.13,1
7/15/2021,RMI,R 12,V 6,Chardonnay,10.9,2.81,4.83,1
7/15/2021,A,R 3,V 34,Fiano,13.1,2.64,6.24,1
7/15/2021,A,R 3,V 35,Fiano,13.3,2.67,6.34,1
7/15/2021,RMI,R 27,V 9,Fiano,12.6,2.67,6.89,1
7/15/2021,RMI,R 27,V 10,Fiano,13.2,2.72,6.29,1
7/15/2021,A,R 3,V 5,Grenache Noir,8.8,2.68,6.87,1
7/15/2021,A2,R 8,V 11,Grenache Noir,11.6,2.59,5.8,1
7/15/2021,RMI,R 33,V 7,Grenache Noir,8.5,2.65,7.31,1
7/15/2021,RMI,R 33,V 8,Grenache Noir,12.1,2.53,5.13,1
7/15/2021,A,R 2,V 41,Merlot,9.2,2.73,5.4,1
7/15/2021,A2,R 6,V 1,Merlot,15.2,3.01,3.86,1
7/15/2021,RMI,R 15,V 3,Merlot,14,2.92,3.91,1
7/15/2021,RMI,R 15,V 4,Merlot,13.7,3.06,3.63,1
7/15/2021,A,R 3,V 43,Montepulciano,5.6,2.48,8.84,1
7/15/2021,A2,R 10,V 11,Montepulciano,5.7,2.51,8.54,1
7/15/2021,RMI,R 31,V 3,Montepulciano,5.6,2.46,9.37,1
7/15/2021,RMI,R 31,V 4,Montepulciano,5.7,2.51,9.31,1
7/15/2021,A2,R 8,V 14,Mourvedre,9,2.64,10.72,1
7/15/2021,A2,R 8,V 15,Mourvedre,9.8,2.66,7.13,1
7/15/2021,RMI,R 34,V 3,Mourvedre,11.1,2.7,9.41,1
7/15/2021,RMI,R 34,V 4,Mourvedre,10.1,2.61,6.76,1
7/15/2021,A,R 3,V 50,Nebbiolo,6.8,2.44,10.24,1
7/15/2021,A2,R 10,V 5,Nebbiolo,9.1,2.55,8.51,1
7/15/2021,RMI,R 25,V 9,Nebbiolo,5.8,2.4,16.34,1
7/15/2021,RMI,R 25,V 10,Nebbiolo,7,2.39,10.64,1
7/15/2021,A,R 2,V 55,Pinot noir,9,2.74,7.17,1
7/15/2021,A2,R 7,V 11,Pinot noir,13.4,2.84,4.06,1
7/15/2021,RMI,R 13,V 7,Pinot noir,14.2,2.91,3.73,1
7/15/2021,RMI,R 13,V 8,Pinot noir,11.4,2.8,4.63,1
7/15/2021,A,R 1,V 25,Riesling,8.7,2.65,7.35,1
7/15/2021,A2,R 2,V 13,Riesling,9.5,2.59,7.29,1
7/15/2021,RMI,R 20,V 9,Riesling,9.2,2.63,7.42,1
7/15/2021,RMI,R 20,V 10,Riesling,9.9,2.6,7.6,1
7/15/2021,RMI,R 28,V 9,Sagrantino,8.8,2.54,8.91,1
7/15/2021,RMI,R 28,V 10,Sagrantino,12.2,2.54,7.38,1
7/15/2021,A,R 2,V 16,Sangiovese,14.4,2.79,4.38,1
7/15/2021,A,R 2,V 17,Sangiovese,13,2.73,4.97,1
7/15/2021,RMI,R 26,V 5,Sangiovese,13.3,2.66,4.88,1
7/15/2021,RMI,R 26,V 6,Sangiovese,13.3,2.65,5.32,1
7/15/2021,A,R 1,V 13,Sauv. blanc,18.5,2.96,4.52,1
7/15/2021,A2,R 1,V 15,Sauv. blanc,20.4,2.98,3.33,1
7/15/2021,RMI,R 16,V 1,Sauv. blanc,17.3,2.82,5.24,1
7/15/2021,RMI,R 16,V 2,Sauv. blanc,16.2,2.86,4.07,1
7/15/2021,A,R 2,V 25,Syrah,13.5,2.84,4.52,1
7/15/2021,A2,R 5,V 15,Syrah,13.7,2.81,4.89,1
7/15/2021,RMI,R 19,V 9,Syrah,13.3,2.71,4.51,1
7/15/2021,RMI,R 19,V 10,Syrah,14.5,2.79,4.53,1
7/15/2021,A,R 3,V 14,Tempranillo,19.2,3.26,2.04,1
7/15/2021,A2,R 8,V 1,Tempranillo,16.5,3.12,4.37,1
7/15/2021,RMI,R 35,V 3,Tempranillo,15.9,3,2.73,1
7/15/2021,RMI,R 35,V 4,Tempranillo,15.7,2.95,2.82,1
7/15/2021,RMI,R 37,V 7,Tinta Cao,8.1,2.71,8.28,1
7/15/2021,RMI,R 37,V 8,Tinta Cao,7.6,2.69,8.65,1
7/15/2021,RMI,R 38,V 5,Touriga Nacional,12,2.66,5.83,1
7/15/2021,RMI,R 38,V 6,Touriga Nacional,11.1,2.67,6.09,1
7/15/2021,A,R 3,V 29,Verdelho,18,2.99,3.58,1
7/15/2021,RMI,R 38,V 7,Verdelho,15.4,2.7,5.39,1
7/15/2021,A2,R 9,V 11,Vermentino,20.4,2.97,4.55,1
7/15/2021,A2,R 9,V 12,Vermentino,20,2.96,3.38,1
7/15/2021,A,R 2,V 7,Zinfandel,9.9,2.8,5.68,1
7/15/2021,A2,R 4,V 9,Zinfandel,15.6,2.89,5.89,1
7/15/2021,RMI,R 32,V 3,Zinfandel,11.5,2.66,6.04,1
7/15/2021,RMI,R 32,V 4,Zinfandel,10.3,2.59,7.11,1
7/24/2021,A,R 3,V 46,Aglianico,5.8,2.4,10.01,0
7/24/2021,A,R 3,V 47,Aglianico,5.9,2.4,10.17,0
7/24/2021,RMI,R 30,V 7,Aglianico,5.8,2.35,10.21,0
7/24/2021,RMI,R 30,V 8,Aglianico,5.6,2.29,10.71,0
7/24/2021,A,R 2,V 22,Barbera,9.9,2.62,9.1,0
7/24/2021,A2,R 5,V 9,Barbera,12.9,2.64,6.73,0
7/24/2021,RMI,R 24,V 1,Barbera,9.2,2.56,9.22,0
7/24/2021,RMI,R 24,V 2,Barbera,9,2.47,10.8,0
7/24/2021,A,R 2,V 47,Cab. Sauv.,10.5,2.66,7.5,0
7/24/2021,A2,R 7,V 5,Cab. Sauv.,9.9,2.62,7.4,0
7/24/2021,RMI,R 14,V 1,Cab. Sauv.,11.1,2.93,7.38,0
7/24/2021,RMI,R 14,V 2,Cab. Sauv.,11.9,2.65,6.98,0
7/24/2021,A,R 2,V 1,Carignane,9.8,2.68,7.49,0
7/24/2021,A2,R 4,V 13,Carignane,15.2,2.85,3.75,0
7/24/2021,RMI,R 17,V 9,Carignane,14.6,3.05,4.89,0
7/24/2021,RMI,R 17,V 10,Carignane,14.8,2.98,3.12,0
7/24/2021,A,R 1,V 1,Chardonnay,15.7,3.05,3.63,0
7/24/2021,A2,R 1,V 1,Chardonnay,13.6,2.94,3.8,0
7/24/2021,RMI,R 12,V 5,Chardonnay,12.2,2.76,5.13,0
7/24/2021,RMI,R 12,V 6,Chardonnay,10.9,2.81,4.83,0
7/24/2021,A,R 3,V 34,Fiano,13.1,2.64,6.24,0
7/24/2021,A,R 3,V 35,Fiano,13.3,2.67,6.34,0
7/24/2021,RMI,R 27,V 9,Fiano,12.6,2.67,6.89,0
7/24/2021,RMI,R 27,V 10,Fiano,13.2,2.72,6.29,0
7/24/2021,A,R 3,V 5,Grenache Noir,8.8,2.68,6.87,0
7/24/2021,A2,R 8,V 11,Grenache Noir,11.6,2.59,5.8,0
7/24/2021,RMI,R 33,V 7,Grenache Noir,8.5,2.65,7.31,0
7/24/2021,RMI,R 33,V 8,Grenache Noir,12.1,2.53,5.13,0
7/24/2021,A,R 2,V 41,Merlot,9.2,2.73,5.4,0
7/24/2021,A2,R 6,V 1,Merlot,15.2,3.01,3.86,0
7/24/2021,RMI,R 15,V 3,Merlot,14,2.92,3.91,0
7/24/2021,RMI,R 15,V 4,Merlot,13.7,3.06,3.63,0
7/24/2021,A,R 3,V 43,Montepulciano,5.6,2.48,8.84,0
7/24/2021,A2,R 10,V 11,Montepulciano,5.7,2.51,8.54,0
7/24/2021,RMI,R 31,V 3,Montepulciano,5.6,2.46,9.37,0
7/24/2021,RMI,R 31,V 4,Montepulciano,5.7,2.51,9.31,0
7/24/2021,A2,R 8,V 14,Mourvedre,9,2.64,10.72,0
7/24/2021,A2,R 8,V 15,Mourvedre,9.8,2.66,7.13,0
7/24/2021,RMI,R 34,V 3,Mourvedre,11.1,2.7,9.41,0
7/24/2021,RMI,R 34,V 4,Mourvedre,10.1,2.61,6.76,0
7/24/2021,A,R 3,V 50,Nebbiolo,6.8,2.44,10.24,0
7/24/2021,A2,R 10,V 5,Nebbiolo,9.1,2.55,8.51,0
7/24/2021,RMI,R 25,V 9,Nebbiolo,5.8,2.4,16.34,0
7/24/2021,RMI,R 25,V 10,Nebbiolo,7,2.39,10.64,0
7/24/2021,A,R 2,V 55,Pinot noir,9,2.74,7.17,0
7/24/2021,A2,R 7,V 11,Pinot noir,13.4,2.84,4.06,0
7/24/2021,RMI,R 13,V 7,Pinot noir,14.2,2.91,3.73,0
7/24/2021,RMI,R 13,V 8,Pinot noir,11.4,2.8,4.63,0
7/24/2021,A,R 1,V 25,Riesling,8.7,2.65,7.35,0
7/24/2021,A2,R 2,V 13,Riesling,9.5,2.59,7.29,0
7/24/2021,RMI,R 20,V 9,Riesling,9.2,2.63,7.42,0
7/24/2021,RMI,R 20,V 10,Riesling,9.9,2.6,7.6,0
7/24/2021,RMI,R 28,V 9,Sagrantino,8.8,2.54,8.91,0
7/24/2021,RMI,R 28,V 10,Sagrantino,12.2,2.54,7.38,0
7/24/2021,A,R 2,V 16,Sangiovese,14.4,2.79,4.38,0
7/24/2021,A,R 2,V 17,Sangiovese,13,2.73,4.97,0
7/24/2021,RMI,R 26,V 5,Sangiovese,13.3,2.66,4.88,0
7/24/2021,RMI,R 26,V 6,Sangiovese,13.3,2.65,5.32,0
7/24/2021,A,R 1,V 13,Sauv. blanc,18.5,2.96,4.52,0
7/24/2021,A2,R 1,V 15,Sauv. blanc,20.4,2.98,3.33,0
7/24/2021,RMI,R 16,V 1,Sauv. blanc,17.3,2.82,5.24,0
7/24/2021,RMI,R 16,V 2,Sauv. blanc,16.2,2.86,4.07,0
7/24/2021,A,R 2,V 25,Syrah,13.5,2.84,4.52,0
7/24/2021,A2,R 5,V 15,Syrah,13.7,2.81,4.89,0
7/24/2021,RMI,R 19,V 9,Syrah,13.3,2.71,4.51,0
7/24/2021,RMI,R 19,V 10,Syrah,14.5,2.79,4.53,0
7/24/2021,A,R 3,V 14,Tempranillo,19.2,3.26,2.04,0
7/24/2021,A2,R 8,V 1,Tempranillo,16.5,3.12,4.37,0
7/24/2021,RMI,R 35,V 3,Tempranillo,15.9,3,2.73,0
7/24/2021,RMI,R 35,V 4,Tempranillo,15.7,2.95,2.82,0
7/24/2021,RMI,R 37,V 7,Tinta Cao,8.1,2.71,8.28,0
7/24/2021,RMI,R 37,V 8,Tinta Cao,7.6,2.69,8.65,0
7/24/2021,RMI,R 38,V 5,Touriga Nacional,12,2.66,5.83,0
7/24/2021,RMI,R 38,V 6,Touriga Nacional,11.1,2.67,6.09,0
7/24/2021,A,R 3,V 29,Verdelho,18,2.99,3.58,0
7/24/2021,RMI,R 38,V 7,Verdelho,15.4,2.7,5.39,0
7/24/2021,A2,R 9,V 11,Vermentino,20.4,2.97,4.55,0
7/24/2021,A2,R 9,V 12,Vermentino,20,2.96,3.38,0
7/24/2021,A,R 2,V 7,Zinfandel,9.9,2.8,5.68,0
7/24/2021,A2,R 4,V 9,Zinfandel,15.6,2.89,5.89,0
7/24/2021,RMI,R 32,V 3,Zinfandel,11.5,2.66,6.04,0
7/24/2021,RMI,R 32,V 4,Zinfandel,10.3,2.59,7.11,0
8/12/2021,A,R 3,V 46,Aglianico,18.3,3,10.87319867,1
8/12/2021,A,R 3,V 47,Aglianico,19.2,3,10.43089907,1
8/12/2021,RMI,R 30,V 8 ,Aglianico,17.9,2.92,12.12638089,1
8/12/2021,A,R 2,V 22,Barbera,17.1,2.97,12.82668861,1
8/12/2021,RMI,R 24,V 2,Barbera,19.5,2.94,13.26898821,1
8/12/2021,A2,R 5,V 9,Barbera,24.9,3.25,8.77227554,1
8/12/2021,A,R 2,V 47,Cab. Sauv.,20.8,3.22,7.629668222,1
8/12/2021,A2,R 7,V 5,Cab. Sauv.,22.2,3.44,7.003077112,1
8/12/2021,RMI,R 14,V 2,Cab. Sauv.,19,3.29,7.039935413,1
8/12/2021,A,R 2,V 1,Carignane,20.4,3.22,9.288291749,1
8/12/2021,A2,R 4,V 13,Carignane,21.1,3.27,8.366834234,1
8/12/2021,RMI,R 17,V 10,Carignane,12,2.96,12.384389,1
8/12/2021,A2,R 1,V 1,Chardonnay,24.8,3.57,6.523919204,1
8/12/2021,RMI,R 12 ,V 5,Chardonnay,21.5,3.43,7.076793713,1
8/12/2021,RMI,R 12 ,V 6,Chardonnay,16.9,3.18,8.514267436,1
8/12/2021,A,R 3,V 34,Fiano,24.1,3.19,7.187368615,1
8/12/2021,A,R 3,V 35,Fiano,24.6,3.25,7.592809921,1
8/12/2021,RMI,R 27,V 9,Fiano,24.7,3.2,7.813959725,1
8/12/2021,A,R 3,V 5,Grenache Noir,21.4,3.29,6.192194499,1
8/12/2021,A2,R 8,V 11,Grenache Noir,23.5,3.25,5.725322692,1
8/12/2021,RMI,R 33,V 7,Grenache Noir,24.1,3.16,5.799039293,1
8/12/2021,A,R 2,V 41,Merlot,21.8,3.46,5.405884086,1
8/12/2021,A2,R 6,V 1,Merlot,26.3,3.85,4.570429273,1
8/12/2021,RMI,R 15,V 3,Merlot,25.3,3.54,5.086445481,1
8/12/2021,A,R 3,V 43,Montepulciano,21.5,3.07,8.73541724,1
8/12/2021,A2,R 10,V 11,Montepulciano,20.9,3.09,9.030283644,1
8/12/2021,RMI,R 31,V 3,Montepulciano,20.9,3.13,8.993425344,1
8/12/2021,A2,R 8,V 14,Mourvedre,20,3.43,5.528745088,1
8/12/2021,RMI,R 34,V 3,Mourvedre,17.3,3.22,6.118477898,1
8/12/2021,A,R 3,V 50,Nebbiolo,20,3.1,8.551125737,1
8/12/2021,A2,R 10,V 5,Nebbiolo,22.9,3.25,6.929360511,1
8/12/2021,RMI,R 25,V 9,Nebbiolo,19.5,3,9.98859946,1
8/12/2021,A,R 2,V 55,Pinot noir,21.3,3.56,3.833263261,1
8/12/2021,A2,R 7,V 11,Pinot noir,26.7,3.62,5.01272888,1
8/12/2021,RMI,R 13,V 7,Pinot noir,18.9,3.39,5.676178291,1
8/12/2021,A2,R 2,V 13,Riesling,22.2,3.27,6.523919204,1
8/12/2021,RMI,R 20,V 10,Riesling,20.8,3.31,6.523919204,1
8/12/2021,RMI,R 20,V 9,Riesling,20.8,3.31,7.003077112,1
8/12/2021,RMI,R 28,V 10,Sagrantino,24,3.18,8.624842338,1
8/12/2021,RMI,R 28,V 9,Sagrantino,22.7,3.17,8.440550835,1
8/12/2021,A,R 2,V 17,Sangiovese,21.8,3.23,7.666526523,1
8/12/2021,RMI,R 26,V 5,Sangiovese,19.6,3.08,7.740243124,1
8/12/2021,RMI,R 26,V 6,Sangiovese,22.7,3.15,7.187368615,1
8/12/2021,A,R 1,V 13,Sauv. blanc,26.8,3.63,6.339627701,1
8/12/2021,A2,R 1,V 15,Sauv. blanc,27.6,3.56,6.007902996,1
8/12/2021,RMI,R 16,V 2,Sauv. blanc,25.3,3.46,7.187368615,1
8/12/2021,A,R 2,V 25,Syrah,22.9,3.53,5.344453585,1
8/12/2021,A2,R 5,V 15,Syrah,19.4,3.47,5.418170187,1
8/12/2021,RMI,R 19,V 9,Syrah,22.3,3.28,6.450202603,1
8/12/2021,A,R 3,V 14,Tempranillo,24.1,3.79,3.636685658,1
8/12/2021,A2,R 8,V 1,Tempranillo,23.7,3.7,4.570429273,1
8/12/2021,RMI,R 35,V 4,Tempranillo,22.3,3.51,4.177274067,1
8/12/2021,RMI,R 37,V 7,Tinta Cao,22.1,3.46,6.081619597,1
8/12/2021,RMI,R 37,V 8,Tinta Cao,22.6,3.4,6.745069008,1
8/12/2021,RMI,R 38,V 5,Touriga Nacional,21.6,3.31,5.676178291,1
8/12/2021,RMI,R 38,V 6,Touriga Nacional,22.4,3.24,6.339627701,1
8/12/2021,A,R 3,V 29,Verdelho,28.4,3.52,6.044761297,1
8/12/2021,RMI,R 38,V 7,Verdelho,27.8,3.29,6.560777505,1
8/12/2021,A2,R 9,V 11,Vermentino,28.9,3.56,5.307595285,1
8/12/2021,A2,R 9,V 12,Vermentino,29,3.57,5.01272888,1
8/12/2021,A,R 2,V 7,Zinfandel,15.2,3.39,6.118477898,1
8/12/2021,RMI,R 32,V 3,Zinfandel,21.9,3.14,8.77227554,1
8/12/2021,A2,R 4,V 9,Zinfandel,25.3,3.45,6.487060904,1
9/9/2021,A,R 3,V 46,Aglianico,23.6,3.29,5.853393,1
9/9/2021,A,R 3,V 47,Aglianico,24.4,3.32,5.36561025,1
9/9/2021,RMI,R 30,V 8,Aglianico,22.6,3.19,6.453741,1
9/9/2021,A,R 2,V 22,Barbera,21.8,3.18,8.3298285,1
9/9/2021,RMI,R 24,V 2,Barbera,22.7,3.13,7.8795675,1
9/9/2021,A,R 2,V 47,Cab. Sauv.,23.4,3.51,4.2774795,1
9/9/2021,A2,R 7,V 5,Cab. Sauv.,24.4,3.62,4.23995775,1
9/9/2021,RMI,R 14,V 2,Cab. Sauv.,22.6,3.44,4.7277405,1
9/9/2021,A,R 2,V 1,Carignane,22.4,3.52,5.1780015,1
9/9/2021,A2,R 4,V 13,Carignane,23.1,3.53,4.652697,1
9/9/2021,RMI,R 17,V 10,Carignane,20.2,3.21,7.69195875,1
9/9/2021,A2,R 1,V 1,Chardonnay,28,3.77,3.78969675,1
9/9/2021,A,R 3,V 5,Grenache Noir,24.6,3.47,4.2774795,1
9/9/2021,A2,R 8,V 11,Grenache Noir,27.9,3.54,3.78969675,1
9/9/2021,RMI,R 33,V 7,Grenache Noir,27.6,3.77,4.46508825,1
9/9/2021,A,R 2,V 41,Merlot,25.3,3.37,3.18934875,1
9/9/2021,A,R 3,V 43,Montepulciano,24.7,3.39,5.2280305,1
9/9/2021,A2,R 10,V 11,Montepulciano,24.7,3.4,5.1780015,1
9/9/2021,RMI,R 31,V 3,Montepulciano,24.5,3.82,5.66578425,1
9/9/2021,A2,R 8,V 14,Mourvedre,24.4,3.8,3.301914,1
9/9/2021,RMI,R 34,V 3,Mourvedre,19.7,3.58,3.0767835,1
9/9/2021,A,R 3,V 50,Nebbiolo,24.1,3.29,6.64134975,1
9/9/2021,A2,R 10,V 5,Nebbiolo,24.8,3.55,4.50261,1
9/9/2021,RMI,R 25,V 9,Nebbiolo,23.9,3.33,5.703306,1
9/9/2021,A2,R 2,V 13,Riesling,22.5,3.36,4.54013175,1
9/9/2021,RMI,R 28,V 10,Sagrantino,28.6,3.52,5.59074075,1
9/9/2021,RMI,R 28,V 9,Sagrantino,26.5,3.44,5.4781755,1
9/9/2021,A,R 2,V 17,Sangiovese,24.3,3.48,4.39004475,1
9/9/2021,RMI,R 26,V 5,Sangiovese,23.6,3.29,5.403132,1
9/9/2021,RMI,R 26,V 6,Sangiovese,26,3.35,5.29056675,1
9/9/2021,A,R 2,V 25,Syrah,26.8,3.87,2.96421825,1
9/9/2021,A2,R 5,V 15,Syrah,22,3.75,3.151827,1
9/9/2021,RMI,R 19,V 9,Syrah,24.6,3.54,3.752175,1
9/9/2021,A,R 3,V 14,Tempranillo,25.4,3.95,2.701566,1
9/9/2021,A2,R 8,V 1,Tempranillo,26.4,4,2.81413125,1
9/9/2021,RMI,R 35,V 4,Tempranillo,25.7,3.76,2.96421825,1
9/9/2021,RMI,R 37,V 7,Tinta Cao,27.2,3.84,3.00174,1
9/9/2021,RMI,R 37,V 8,Tinta Cao,27.3,3.9,3.0767835,1
9/9/2021,RMI,R 38,V 5,Touriga Nacional,25.2,3.61,3.71465325,1
9/9/2021,RMI,R 38,V 6,Touriga Nacional,25.2,3.53,3.902262,1
9/9/2021,A,R 2,V 7,Zinfandel,21.2,3.45,5.51569725,1
9/9/2021,RMI,R 32,V 3,Zinfandel,19.4,3.33,4.202436,1
7/24/2023,RMI,R 34,V 7,Palomino,7.5,,,0
7/24/2023,A2,R 10,V 5,Nebbiolo,7.7,,,0
7/24/2023,RMI,R 34,V 8,Palomino,7.9,,,0
7/24/2023,A,R 2,V 26,Syrah,8.4,,,0
7/24/2023,A2,R 1,V 16,Sauv. blanc,8.7,,,0
7/24/2023,RMI,R 19,V 2,Mourvedre,8.9,,,0
7/24/2023,A,R 3,V 29,Verdelho,9,,,0
7/24/2023,A,R 3,V 28,Verdelho,9.2,,,0
7/24/2023,A2,R 1,V 2,Chardonnay,9.3,,,0
7/24/2023,RMI,R 16,V 1,Sauv. blanc,10.5,,,0
7/24/2023,A2,R 7,V 11,Pinot noir,10.7,,,0
7/24/2023,A2,R 4,V 10,Zinfandel,10.8,,,0
7/24/2023,A,R 2,V 56,Pinot noir,11.3,,,0
7/24/2023,A2,R 7,V 12,Pinot noir,12,,,0
7/24/2023,A,R 1,V 1,Chardonnay,12.3,,,0
7/24/2023,A2,R 8,V 14,Mourvedre,12.9,,,0
7/24/2023,A,R 3,V 14,Tempranillo,13.7,,,0
7/24/2023,A,R 3,V 13,Tempranillo,14.6,,,0
7/24/2023,A2,R 8,V 12,Grenache Noir,14.8,,,0
7/31/2023,A2,R 3,V 12,Palomino,7.7,,,0
7/31/2023,RMI,R 20,V 10,Riesling,7.8,,,0
7/31/2023,RMI,R 33,V 8,Grenache Noir,8.5,,,0
7/31/2023,A2,R 1,V 15,Sauv. blanc,8.7,,,0
7/31/2023,A2,R 1,V 16,Sauv. blanc,9.3,,,0
7/31/2023,RMI,R 34,V 7,Palomino,9.9,,,0
7/31/2023,RMI,R 32,V 4,Zinfandel,10.1,,,0
7/31/2023,RMI,R 32,V 3,Zinfandel,10.2,,,0
7/31/2023,RMI,R 34,V 8,Palomino,10.5,,,0
7/31/2023,A2,R 8,V 1,Tempranillo,10.7,,,0
7/31/2023,A2,R 5,V 4,Sangiovese,10.8,,,0
7/31/2023,RMI,R 12,V 5,Chardonnay,11.2,,,0
7/31/2023,A,R 2,V 8,Zinfandel,11.4,,,0
7/31/2023,A,R 2,V 7,Zinfandel,11.7,,,0
7/31/2023,A2,R 8,V 2,Tempranillo,12,,,0
7/31/2023,RMI,R 20,V 9,Riesling,12,,,0
7/31/2023,A,R 1,V 25,Riesling,12.1,,,0
7/31/2023,A,R 1,V 26,Riesling,12.3,,,0
7/31/2023,RMI,R 13,V 8,Pinot noir,12.3,,,0
7/31/2023,RMI,R 16,V 2,Sauv. blanc,12.4,,,0
7/31/2023,A2,R 9,V 12,Vermentino,12.9,,,0
7/31/2023,A,R 2,V 25,Syrah,13.1,,,0
7/31/2023,RMI,R 12,V 6,Chardonnay,13.2,,,0
7/31/2023,RMI,R 19,V 9,Syrah,13.3,,,0
7/31/2023,A,R 2,V 16,Sangiovese,13.4,,,0
7/31/2023,A,R 2,V 41,Merlot,13.7,,,0
7/31/2023,RMI,R 13,V 7,Pinot noir,13.7,,,0
7/31/2023,A,R 1,V 14,Sauv. blanc,13.9,,,0
7/31/2023,A,R 2,V 17,Sangiovese,13.9,,,0
7/31/2023,RMI,R 38,V 7,Verdelho,13.9,,,0
7/31/2023,RMI,R 19,V 10,Syrah,14,,,0
7/31/2023,RMI,R 38,V 8,Verdelho,14.6,,,0
7/31/2023,RMI,R 16,V 1,Sauv. blanc,14.7,,,0
7/31/2023,A,R 2,V 40,Merlot,14.8,,,0
7/31/2023,A2,R 9,V 11,Vermentino,14.8,,,0
7/31/2023,A,R 1,V 13,Sauv. blanc,15,,,0
7/31/2023,A,R 1,V 1,Chardonnay,15.1,,,0
7/31/2023,A,R 3,V 29,Verdelho,16.1,,,0
7/31/2023,A,R 2,V 56,Pinot noir,16.4,,,0
7/31/2023,A,R 3,V 13,Tempranillo,16.7,,,0
7/31/2023,A,R 3,V 14,Tempranillo,16.7,,,0
7/31/2023,A,R 3,V 28,Verdelho,17.1,,,0
8/1/2023,A2,R 5,V 16,Syrah,10.3,,,0
8/1/2023,A2,R 5,V 15,Syrah,11.4,,,0
8/1/2023,A2,R 10,V 5,Nebbiolo,12.5,,,0
8/1/2023,A2,R 10,V 6,Nebbiolo,12.9,,,0
8/1/2023,A2,R 2,V 12,Riesling,12.9,,,0
8/1/2023,A2,R 4,V 10,Zinfandel,13.2,,,0
8/1/2023,A2,R 7,V 11,Pinot noir,13.5,,,0
8/1/2023,A2,R 2,V 13,Riesling,13.7,,,0
8/1/2023,A2,R 4,V 12,Carignane,13.7,,,0
8/1/2023,A2,R 1,V 2,Chardonnay,13.8,,,0
8/1/2023,A2,R 7,V 12,Pinot noir,14.1,,,0
8/1/2023,A2,R 1,V 1,Chardonnay,14.4,,,0
8/1/2023,A2,R 1,V 15,Sauv. blanc,14.5,,,0
8/1/2023,A2,R 1,V 16,Sauv. blanc,14.8,,,0
8/1/2023,A2,R 8,V 14,Mourvedre,18.1,,,0
8/1/2023,A2,R 8,V 12,Grenache Noir,19.2,,,0
8/7/2023,RMI,R 38,V 6,Touriga Nacional,11.8,,,0
8/7/2023,RMI,R 20,V 9,Riesling,11.9,,,0
8/7/2023,A,R 2,V 7,Zinfandel,12.5,,,0
8/7/2023,A,R 2,V 8,Zinfandel,12.5,,,0
8/7/2023,RMI,R 34,V 7,Palomino,12.8,,,0
8/7/2023,RMI,R 12,V 6,Chardonnay,13.1,,,0
8/7/2023,RMI,R 34,V 8,Palomino,13.1,,,0
8/7/2023,A,R 2,V 16,Sangiovese,13.2,,,0
8/7/2023,RMI,R 38,V 5,Touriga Nacional,13.4,,,0
8/7/2023,RMI,R 15,V 3,Merlot,13.6,,,0
8/7/2023,RMI,R 20,V 10,Riesling,13.7,,,0
8/7/2023,A2,R 10,V 11,Montepulciano,14.3,,,0
8/7/2023,RMI,R 19,V 2,Mourvedre,14.4,,,0
8/7/2023,A,R 2,V 17,Sangiovese,14.7,,,0
8/7/2023,A,R 2,V 26,Syrah,14.8,,,0
8/7/2023,RMI,R 19,V 9,Syrah,15.3,,,0
8/7/2023,RMI,R 12,V 5,Chardonnay,15.5,,,0
8/7/2023,A,R 2,V 25,Syrah,15.9,,,0
8/7/2023,A2,R 10,V 12,Montepulciano,16,,,0
8/7/2023,A,R 1,V 25,Riesling,16.1,,,0
8/7/2023,A,R 1,V 26,Riesling,16.1,,,0
8/7/2023,A,R 3,V 13,Tempranillo,16.6,,,0
8/7/2023,RMI,R 16,V 2,Sauv. blanc,16.7,,,0
8/7/2023,A,R 3,V 14,Tempranillo,16.8,,,0
8/7/2023,A2,R 1,V 15,Sauv. blanc,16.9,,,0
8/7/2023,A2,R 1,V 1,Chardonnay,17.1,,,0
8/7/2023,RMI,R 38,V 7,Verdelho,17.1,,,0
8/7/2023,A,R 2,V 41,Merlot,17.2,,,0
8/7/2023,A,R 1,V 1,Chardonnay,17.3,,,0
8/7/2023,A,R 2,V 40,Merlot,17.8,,,0
8/7/2023,A,R 1,V 14,Sauv. blanc,18.1,,,0
8/7/2023,A,R 3,V 29,Verdelho,18.3,,,0
8/7/2023,A,R 1,V 13,Sauv. blanc,18.4,,,0
8/7/2023,A2,R 1,V 2,Chardonnay,18.9,,,0
8/7/2023,RMI,R 38,V 8,Verdelho,19,,,0
8/7/2023,A2,R 1,V 16,Sauv. blanc,19.2,,,0
8/7/2023,RMI,R 16,V 1,Sauv. blanc,19.2,,,0
8/7/2023,A,R 3,V 28,Verdelho,19.3,,,0
8/7/2023,A,R 2,V 55,Pinot noir,19.5,,,0
8/8/2023,RMI,R 38,V 6,Touriga Nacional,11.8,,,0
8/8/2023,RMI,R 20,V 9,Riesling,11.9,,,0
8/8/2023,RMI,R 34,V 7,Palomino,12.8,,,0
8/8/2023,RMI,R 34,V 8,Palomino,13.1,,,0
8/8/2023,RMI,R 38,V 5,Touriga Nacional,13.4,,,0
8/8/2023,RMI,R 20,V 10,Riesling,13.7,,,0
8/8/2023,A2,R 10,V 11,Montepulciano,14.3,,,0
8/8/2023,RMI,R 19,V 2,Mourvedre,14.4,,,0
8/8/2023,RMI,R 19,V 9,Syrah,15.3,,,0
8/8/2023,A2,R 10,V 12,Montepulciano,16,,,0
8/8/2023,RMI,R 16,V 2,Sauv. blanc,16.7,,,0
8/8/2023,A2,R 1,V 15,Sauv. blanc,16.9,,,0
8/8/2023,A2,R 1,V 1,Chardonnay,17.1,,,0
8/8/2023,RMI,R 38,V 7,Verdelho,17.1,,,0
8/8/2023,A2,R 1,V 2,Chardonnay,18.9,,,0
8/8/2023,RMI,R 38,V 8,Verdelho,19,,,0
8/8/2023,A2,R 1,V 16,Sauv. blanc,19.2,,,0
8/8/2023,RMI,R 16,V 1,Sauv. blanc,19.2,,,0
8/9/2023,A2,R 4,V 9,Zinfandel,12.9,,,0
8/9/2023,A2,R 5,V 16,Syrah,13.5,,,0
8/9/2023,A2,R 8,V 2,Tempranillo,14,,,0
8/9/2023,A2,R 8,V 15,Mourvedre,14.3,,,0
8/9/2023,A2,R 10,V 5,Nebbiolo,14.7,,,0
8/9/2023,A2,R 8,V 1,Tempranillo,14.7,,,0
8/9/2023,A2,R 4,V 10,Zinfandel,14.9,,,0
8/9/2023,A2,R 8,V 11,Grenache Noir,15.1,,,0
8/9/2023,A2,R 10,V 6,Nebbiolo,15.3,,,0
8/9/2023,A2,R 4,V 13,Carignane,15.3,,,0
8/9/2023,A2,R 4,V 12,Carignane,15.6,,,0
8/9/2023,A2,R 2,V 12,Riesling,15.7,,,0
8/9/2023,A2,R 7,V 4,Cab. Sauv.,15.8,,,0
8/9/2023,A2,R 6,V 2,Merlot,16,,,0
8/9/2023,A2,R 5,V 15,Syrah,16.2,,,0
8/9/2023,A2,R 7,V 12,Pinot noir,16.2,,,0
8/9/2023,A2,R 5,V 5,Sangiovese,16.4,,,0
8/9/2023,A2,R 7,V 5,Cab. Sauv.,16.7,,,0
8/9/2023,A2,R 2,V 13,Riesling,16.9,,,0
8/9/2023,A2,R 5,V 4,Sangiovese,17.6,,,0
8/9/2023,A2,R 7,V 11,Pinot noir,17.9,,,0
8/9/2023,A2,R 6,V 1,Merlot,19,,,0
8/9/2023,A2,R 8,V 12,Grenache Noir,22,,,0
8/9/2023,A2,R 8,V 14,Mourvedre,22.6,,,0
8/14/2023,A,R 3,V 46,Aglianico,10,,,1
8/14/2023,A,R 3,V 47,Aglianico,10.7,,,1
8/14/2023,A,R 2,V 1,Carignane,11.8,,,1
8/14/2023,A,R 2,V 22,Barbera,11.8,,,1
8/14/2023,A,R 2,V 2,Carignane,12.1,,,1
8/14/2023,A2,R 4,V 9,Zinfandel,12.9,,,1
8/14/2023,A,R 2,V 8,Zinfandel,13,,,1
8/14/2023,A,R 2,V 7,Zinfandel,13.3,,,1
8/14/2023,A,R 2,V 23,Barbera,13.5,,,1
8/14/2023,A,R 3,V 43,Montepulciano,13.5,,,1
8/14/2023,A2,R 5,V 16,Syrah,13.5,,,1
8/14/2023,A2,R 8,V 2,Tempranillo,14,,,1
8/14/2023,A2,R 8,V 15,Mourvedre,14.3,,,1
8/14/2023,A,R 3,V 44,Montepulciano,14.7,,,1
8/14/2023,A2,R 10,V 5,Nebbiolo,14.7,,,1
8/14/2023,A2,R 8,V 1,Tempranillo,14.7,,,1
8/14/2023,A2,R 4,V 10,Zinfandel,14.9,,,1
8/14/2023,A2,R 8,V 11,Grenache Noir,15.1,,,1
8/14/2023,RMI,R 14,V 2,Cab. Sauv.,15.2,,,1
8/14/2023,A2,R 10,V 6,Nebbiolo,15.3,,,1
8/14/2023,A2,R 4,V 13,Carignane,15.3,,,1
8/14/2023,A,R 2,V 16,Sangiovese,15.4,,,1
8/14/2023,A,R 2,V 17,Sangiovese,15.6,,,1
8/14/2023,A2,R 4,V 12,Carignane,15.6,,,1
8/14/2023,A2,R 2,V 12,Riesling,15.7,,,1
8/14/2023,A2,R 7,V 4,Cab. Sauv.,15.8,,,1
8/14/2023,A2,R 6,V 2,Merlot,16,,,1
8/14/2023,A,R 3,V 35,Fiano,16.1,,,1
8/14/2023,RMI,R 13,V 8,Pinot noir,16.1,,,1
8/14/2023,A2,R 5,V 15,Syrah,16.2,,,1
8/14/2023,A2,R 7,V 12,Pinot noir,16.2,,,1
8/14/2023,A,R 2,V 55,Pinot noir,16.3,,,1
8/14/2023,RMI,R 15,V 4,Merlot,16.3,,,1
8/14/2023,A2,R 5,V 5,Sangiovese,16.4,,,1
8/14/2023,RMI,R 12,V 6,Chardonnay,16.5,,,1
8/14/2023,A2,R 7,V 5,Cab. Sauv.,16.7,,,1
8/14/2023,RMI,R 14,V 1,Cab. Sauv.,16.7,,,1
8/14/2023,A,R 3,V 5,Grenache Noir,16.8,,,1
8/14/2023,A,R 3,V 50,Nebbiolo,16.9,,,1
8/14/2023,A2,R 2,V 13,Riesling,16.9,,,1
8/14/2023,A,R 2,V 47,Cab. Sauv.,17,,,1
8/14/2023,A,R 2,V 26,Syrah,17.5,,,1
8/14/2023,A,R 3,V 34,Fiano,17.5,,,1
8/14/2023,A,R 3,V 13,Tempranillo,17.6,,,1
8/14/2023,A2,R 5,V 4,Sangiovese,17.6,,,1
8/14/2023,A,R 3,V 4,Grenache Noir,17.8,,,1
8/14/2023,A,R 3,V 14,Tempranillo,17.9,,,1
8/14/2023,A2,R 7,V 11,Pinot noir,17.9,,,1
8/14/2023,RMI,R 13,V 7,Pinot noir,18.2,,,1
8/14/2023,A,R 2,V 46,Cab. Sauv.,18.3,,,1
8/14/2023,RMI,R 15,V 3,Merlot,18.4,,,1
8/14/2023,A,R 2,V 25,Syrah,18.7,,,1
8/14/2023,A2,R 6,V 1,Merlot,19,,,1
8/14/2023,A,R 1,V 26,Riesling,19.4,,,1
8/14/2023,A,R 1,V 25,Riesling,19.6,,,1
8/14/2023,RMI,R 16,V 2,Sauv. blanc,19.6,,,1
8/14/2023,A,R 1,V 1,Chardonnay,19.9,,,1
8/14/2023,A,R 2,V 40,Merlot,20.2,,,1
8/14/2023,A,R 1,V 13,Sauv. blanc,20.4,,,1
8/14/2023,RMI,R 12,V 5,Chardonnay,20.4,,,1
8/14/2023,A,R 2,V 41,Merlot,20.6,,,1
8/14/2023,A,R 1,V 14,Sauv. blanc,21.2,,,1
8/14/2023,A,R 2,V 56,Pinot noir,21.3,,,1
8/14/2023,RMI,R 16,V 1,Sauv. blanc,21.6,,,1
8/14/2023,A2,R 8,V 12,Grenache Noir,22,,,1
8/14/2023,A,R 3,V 29,Verdelho,22.1,,,1
8/14/2023,A,R 3,V 28,Verdelho,22.4,,,1
8/14/2023,A2,R 8,V 14,Mourvedre,22.6,,,1
8/14/2023,RMI,R 30,V 8,Aglianico,7.9,,,1
8/14/2023,RMI,R 30,V 7,Aglianico,8.4,,,1
8/14/2023,RMI,R 17,V 10,Carignane,9.6,,,1
8/14/2023,RMI,R 17,V 9,Carignane,10.5,,,1
8/14/2023,RMI,R 32,V 3,Zinfandel,10.7,,,1
8/14/2023,RMI,R 33,V 7,Grenache Noir,11.1,,,1
8/14/2023,RMI,R 31,V 4,Montepulciano,11.2,,,1
8/14/2023,RMI,R 32,V 4,Zinfandel,11.2,,,1
8/14/2023,A2,R 3,V 13,Palomino,11.4,,,1
8/14/2023,RMI,R 31,V 3,Montepulciano,12,,,1
8/14/2023,RMI,R 37,V 7,Tinta Cao,12.5,,,1
8/14/2023,RMI,R 35,V 3,Tempranillo,12.7,,,1
8/14/2023,RMI,R 33,V 8,Grenache Noir,12.8,,,1
8/14/2023,A2,R 3,V 12,Palomino,13.2,,,1
8/14/2023,RMI,R 24,V 2,Barbera,13.5,,,1
8/14/2023,RMI,R 34,V 8,Palomino,13.5,,,1
8/14/2023,RMI,R 38,V 6,Touriga Nacional,13.5,,,1
8/14/2023,RMI,R 34,V 7,Palomino,13.9,,,1
8/14/2023,RMI,R 37,V 8,Tinta Cao,13.9,,,1
8/14/2023,A2,R 9,V 11,Vermentino,14.4,,,1
8/14/2023,RMI,R 28,V 10,Sagrantino,14.4,,,1
8/14/2023,A2,R 9,V 12,Vermentino,14.6,,,1
8/14/2023,RMI,R 35,V 4,Tempranillo,15.2,,,1
8/14/2023,A2,R 4,V 9,Zinfandel,15.3,,,1
8/14/2023,A2,R 5,V 8,Barbera,15.4,,,1
8/14/2023,A2,R 8,V 2,Tempranillo,15.5,,,1
8/14/2023,RMI,R 19,V 9,Syrah,15.5,,,1
8/14/2023,RMI,R 20,V 9,Riesling,15.5,,,1
8/14/2023,RMI,R 24,V 1,Barbera,15.5,,,1
8/14/2023,RMI,R 19,V 10,Syrah,15.7,,,1
8/14/2023,A2,R 10,V 6,Nebbiolo,15.8,,,1
8/14/2023,RMI,R 25,V 9,Nebbiolo,15.9,,,1
8/14/2023,A2,R 8,V 1,Tempranillo,16.1,,,1
8/14/2023,A2,R 8,V 11,Grenache Noir,16.1,,,1
8/14/2023,RMI,R 28,V 9,Sagrantino,16.2,,,1
8/14/2023,A2,R 4,V 12,Carignane,16.3,,,1
8/14/2023,A2,R 5,V 9,Barbera,16.3,,,1
8/14/2023,A2,R 10,V 5,Nebbiolo,16.4,,,1
8/14/2023,A2,R 4,V 10,Zinfandel,16.4,,,1
8/14/2023,A2,R 8,V 15,Mourvedre,16.4,,,1
8/14/2023,A2,R 5,V 16,Syrah,16.5,,,1
8/14/2023,RMI,R 38,V 5,Touriga Nacional,16.5,,,1
8/14/2023,RMI,R 20,V 10,Riesling,17,,,1
8/14/2023,A2,R 2,V 12,Riesling,17.1,,,1
8/14/2023,RMI,R 19,V 1,Mourvedre,17.4,,,1
8/14/2023,RMI,R 25,V 10,Nebbiolo,17.4,,,1
8/14/2023,A2,R 7,V 5,Cab. Sauv.,17.5,,,1
8/14/2023,RMI,R 19,V 2,Mourvedre,17.7,,,1
8/14/2023,A2,R 4,V 13,Carignane,17.8,,,1
8/14/2023,A2,R 7,V 4,Cab. Sauv.,17.8,,,1
8/14/2023,A2,R 10,V 12,Montepulciano,18.2,,,1
8/14/2023,A2,R 10,V 11,Montepulciano,18.3,,,1
8/14/2023,A2,R 5,V 15,Syrah,18.5,,,1
8/14/2023,A2,R 2,V 13,Riesling,18.8,,,1
8/14/2023,A2,R 7,V 11,Pinot noir,18.8,,,1
8/14/2023,A2,R 7,V 12,Pinot noir,19,,,1
8/14/2023,A2,R 5,V 4,Sangiovese,19.1,,,1
8/14/2023,A2,R 1,V 15,Sauv. blanc,19.4,,,1
8/14/2023,A2,R 1,V 1,Chardonnay,19.5,,,1
8/14/2023,A2,R 6,V 2,Merlot,19.6,,,1
8/14/2023,RMI,R 38,V 7,Verdelho,19.8,,,1
8/14/2023,A2,R 5,V 5,Sangiovese,19.9,,,1
8/14/2023,A2,R 1,V 2,Chardonnay,20.6,,,1
8/14/2023,A2,R 6,V 1,Merlot,21.3,,,1
8/14/2023,A2,R 1,V 16,Sauv. blanc,21.7,,,1
8/14/2023,RMI,R 38,V 8,Verdelho,22,,,1
8/14/2023,A2,R 8,V 12,Grenache Noir,24.4,,,1
8/14/2023,A2,R 8,V 14,Mourvedre,24.5,,,1
8/21/2023,RMI,R 17,V 10,Carignane,11.1,,,0
8/21/2023,RMI,R 17,V 9,Carignane,11.7,,,0
8/21/2023,A,R 2,V 7,Zinfandel,13.1,,,0
8/21/2023,A,R 3,V 46,Aglianico,13.2,,,0
8/21/2023,A,R 2,V 22,Barbera,13.4,,,0
8/21/2023,A,R 2,V 8,Zinfandel,13.6,,,0
8/21/2023,A,R 2,V 1,Carignane,13.8,,,0
8/21/2023,A,R 2,V 2,Carignane,14.1,,,0
8/21/2023,A,R 3,V 47,Aglianico,14.3,,,0
8/21/2023,A,R 2,V 23,Barbera,14.7,,,0
8/21/2023,RMI,R 24,V 2,Barbera,14.8,,,0
8/21/2023,RMI,R 14,V 2,Cab. Sauv.,16.2,,,0
8/21/2023,RMI,R 19,V 10,Syrah,16.2,,,0
8/21/2023,A,R 3,V 35,Fiano,16.5,,,0
8/21/2023,RMI,R 24,V 1,Barbera,16.5,,,0
8/21/2023,A,R 2,V 16,Sangiovese,16.7,,,0
8/21/2023,RMI,R 20,V 9,Riesling,16.7,,,0
8/21/2023,A,R 2,V 17,Sangiovese,17.1,,,0
8/21/2023,RMI,R 19,V 2,Mourvedre,17.1,,,0
8/21/2023,A,R 3,V 44,Montepulciano,17.7,,,0
8/21/2023,A,R 3,V 43,Montepulciano,18,,,0
8/21/2023,RMI,R 12,V 6,Chardonnay,18.1,,,0
8/21/2023,RMI,R 25,V 9,Nebbiolo,18.2,,,0
8/21/2023,RMI,R 14,V 1,Cab. Sauv.,18.3,,,0
8/21/2023,A,R 3,V 13,Tempranillo,18.6,,,0
8/21/2023,RMI,R 13,V 7,Pinot noir,18.6,,,0
8/21/2023,A,R 2,V 55,Pinot noir,18.8,,,0
8/21/2023,RMI,R 20,V 10,Riesling,18.8,,,0
8/21/2023,A,R 3,V 14,Tempranillo,18.9,,,0
8/21/2023,A,R 2,V 26,Syrah,19,,,0
8/21/2023,RMI,R 15,V 4,Merlot,19.1,,,0
8/21/2023,RMI,R 19,V 9,Syrah,19.2,,,0
8/21/2023,A,R 2,V 47,Cab. Sauv.,19.3,,,0
8/21/2023,A,R 3,V 34,Fiano,19.3,,,0
8/21/2023,RMI,R 13,V 8,Pinot noir,19.4,,,0
8/21/2023,A,R 3,V 4,Grenache Noir,19.5,,,0
8/21/2023,A,R 3,V 5,Grenache Noir,19.6,,,0
8/21/2023,RMI,R 19,V 1,Mourvedre,19.6,,,0
8/21/2023,A,R 3,V 50,Nebbiolo,19.7,,,0
8/21/2023,A,R 2,V 25,Syrah,19.9,,,0
8/21/2023,A,R 2,V 46,Cab. Sauv.,19.9,,,0
8/21/2023,RMI,R 25,V 10,Nebbiolo,20,,,0
8/21/2023,A,R 1,V 25,Riesling,20.3,,,0
8/21/2023,A,R 1,V 26,Riesling,20.3,,,0
8/21/2023,RMI,R 15,V 3,Merlot,21.3,,,0
8/21/2023,RMI,R 16,V 2,Sauv. blanc,21.6,,,0
8/21/2023,A,R 1,V 1,Chardonnay,21.7,,,0
8/21/2023,RMI,R 12,V 5,Chardonnay,21.8,,,0
8/21/2023,A,R 2,V 41,Merlot,22.3,,,0
8/21/2023,A,R 2,V 40,Merlot,22.7,,,0
8/21/2023,A,R 3,V 29,Verdelho,23.1,,,0
8/21/2023,RMI,R 16,V 1,Sauv. blanc,23.1,,,0
8/21/2023,A,R 1,V 14,Sauv. blanc,23.3,,,0
8/21/2023,A,R 1,V 13,Sauv. blanc,23.4,,,0
8/21/2023,A,R 2,V 56,Pinot noir,24.2,,,0
8/21/2023,A,R 3,V 28,Verdelho,24.5,,,0
8/22/2023,RMI,R 30,V 7,Aglianico,10.2,,,0
8/22/2023,RMI,R 30,V 8,Aglianico,10.2,,,0
8/22/2023,RMI,R 32,V 3,Zinfandel,10.7,,,0
8/22/2023,A2,R 3,V 13,Palomino,12,,,0
8/22/2023,A2,R 3,V 12,Palomino,12.3,,,0
8/22/2023,RMI,R 33,V 7,Grenache Noir,12.4,,,0
8/22/2023,RMI,R 32,V 4,Zinfandel,12.5,,,0
8/22/2023,RMI,R 31,V 4,Montepulciano,13.8,,,0
8/22/2023,RMI,R 34,V 8,Palomino,13.9,,,0
8/22/2023,RMI,R 35,V 4,Tempranillo,14,,,0
8/22/2023,RMI,R 38,V 6,Touriga Nacional,14.3,,,0
8/22/2023,RMI,R 31,V 3,Montepulciano,14.6,,,0
8/22/2023,RMI,R 37,V 7,Tinta Cao,15.1,,,0
8/22/2023,RMI,R 33,V 8,Grenache Noir,15.2,,,0
8/22/2023,RMI,R 34,V 7,Palomino,15.6,,,0
8/22/2023,A2,R 8,V 11,Grenache Noir,15.7,,,0
8/22/2023,A2,R 8,V 1,Tempranillo,15.9,,,0
8/22/2023,RMI,R 28,V 10,Sagrantino,15.9,,,0
8/22/2023,RMI,R 35,V 3,Tempranillo,15.9,,,0
8/22/2023,A2,R 9,V 11,Vermentino,16,,,0
8/22/2023,RMI,R 28,V 9,Sagrantino,16.2,,,0
8/22/2023,RMI,R 37,V 8,Tinta Cao,16.3,,,0
8/22/2023,A2,R 5,V 8,Barbera,16.4,,,0
8/22/2023,A2,R 5,V 9,Barbera,16.4,,,0
8/22/2023,A2,R 9,V 12,Vermentino,16.4,,,0
8/22/2023,A2,R 4,V 9,Zinfandel,16.6,,,0
8/22/2023,A2,R 4,V 10,Zinfandel,16.8,,,0
8/22/2023,A2,R 4,V 12,Carignane,16.9,,,0
8/22/2023,A2,R 5,V 16,Syrah,17.2,,,0
8/22/2023,A2,R 10,V 5,Nebbiolo,17.3,,,0
8/22/2023,A2,R 10,V 6,Nebbiolo,17.3,,,0
8/22/2023,A2,R 2,V 13,Riesling,18,,,0
8/22/2023,A2,R 10,V 12,Montepulciano,18.1,,,0
8/22/2023,A2,R 8,V 2,Tempranillo,18.4,,,0
8/22/2023,RMI,R 38,V 5,Touriga Nacional,18.4,,,0
8/22/2023,A2,R 8,V 15,Mourvedre,18.6,,,0
8/22/2023,A2,R 7,V 4,Cab. Sauv.,18.7,,,0
8/22/2023,A2,R 7,V 12,Pinot noir,18.8,,,0
8/22/2023,A2,R 2,V 12,Riesling,19.2,,,0
8/22/2023,A2,R 4,V 13,Carignane,19.4,,,0
8/22/2023,A2,R 10,V 11,Montepulciano,19.5,,,0
8/22/2023,A2,R 5,V 4,Sangiovese,19.6,,,0
8/22/2023,A2,R 5,V 15,Syrah,19.9,,,0
8/22/2023,A2,R 1,V 1,Chardonnay,20.1,,,0
8/22/2023,A2,R 7,V 5,Cab. Sauv.,20.3,,,0
8/22/2023,A2,R 5,V 5,Sangiovese,20.5,,,0
8/22/2023,A2,R 7,V 11,Pinot noir,20.5,,,0
8/22/2023,A2,R 1,V 2,Chardonnay,20.6,,,0
8/22/2023,A2,R 1,V 15,Sauv. blanc,21.2,,,0
8/22/2023,A2,R 6,V 2,Merlot,21.2,,,0
8/22/2023,RMI,R 38,V 7,Verdelho,21.8,,,0
8/22/2023,A2,R 1,V 16,Sauv. blanc,22.8,,,0
8/22/2023,A2,R 6,V 1,Merlot,23.3,,,0
8/22/2023,RMI,R 38,V 8,Verdelho,23.3,,,0
8/22/2023,A2,R 8,V 12,Grenache Noir,24.6,,,0
8/22/2023,A2,R 8,V 14,Mourvedre,25.1,,,0
8/28/2023,RMI,R 17,V 10,Carignane,12.7,,,1
8/28/2023,RMI,R 17,V 9,Carignane,12.7,,,1
8/28/2023,A,R 2,V 8,Zinfandel,13.9,,,1
8/28/2023,A,R 2,V 7,Zinfandel,14.2,,,1
8/28/2023,A,R 2,V 22,Barbera,14.4,,,1
8/28/2023,A,R 2,V 1,Carignane,14.7,,,1
8/28/2023,A,R 3,V 46,Aglianico,15.3,,,1
8/28/2023,A,R 2,V 2,Carignane,15.6,,,1
8/28/2023,A,R 3,V 47,Aglianico,16.1,,,1
8/28/2023,A,R 2,V 23,Barbera,16.5,,,1
8/28/2023,RMI,R 24,V 2,Barbera,16.8,,,1
8/28/2023,A,R 2,V 16,Sangiovese,16.9,,,1
8/28/2023,RMI,R 19,V 10,Syrah,17.5,,,1
8/28/2023,RMI,R 14,V 2,Cab. Sauv.,17.9,,,1
8/28/2023,A,R 2,V 17,Sangiovese,18.2,,,1
8/28/2023,RMI,R 24,V 1,Barbera,18.8,,,1
8/28/2023,A,R 3,V 35,Fiano,19.1,,,1
8/28/2023,RMI,R 12,V 6,Chardonnay,19.3,,,1
8/28/2023,RMI,R 13,V 7,Pinot noir,19.3,,,1
8/28/2023,RMI,R 13,V 8,Pinot noir,19.3,,,1
8/28/2023,RMI,R 20,V 9,Riesling,19.3,,,1
8/28/2023,RMI,R 19,V 2,Mourvedre,19.4,,,1
8/28/2023,A,R 3,V 14,Tempranillo,19.7,,,1
8/28/2023,A,R 2,V 55,Pinot noir,20,,,1
8/28/2023,RMI,R 14,V 1,Cab. Sauv.,20,,,1
8/28/2023,RMI,R 20,V 10,Riesling,20.1,,,1
8/28/2023,A,R 3,V 13,Tempranillo,20.4,,,1
8/28/2023,A,R 3,V 43,Montepulciano,20.4,,,1
8/28/2023,RMI,R 19,V 9,Syrah,20.4,,,1
8/28/2023,RMI,R 25,V 9,Nebbiolo,20.4,,,1
8/28/2023,A,R 2,V 26,Syrah,21.1,,,1
8/28/2023,A,R 2,V 47,Cab. Sauv.,21.1,,,1
8/28/2023,A,R 3,V 44,Montepulciano,21.1,,,1
8/28/2023,RMI,R 15,V 4,Merlot,21.2,,,1
8/28/2023,A,R 3,V 5,Grenache Noir,21.3,,,1
8/28/2023,A,R 3,V 50,Nebbiolo,21.6,,,1
8/28/2023,A,R 2,V 46,Cab. Sauv.,21.8,,,1
8/28/2023,A,R 1,V 26,Riesling,22,,,1
8/28/2023,A,R 2,V 25,Syrah,22,,,1
8/28/2023,A,R 3,V 4,Grenache Noir,22.1,,,1
8/28/2023,RMI,R 25,V 10,Nebbiolo,22.1,,,1
8/28/2023,A,R 1,V 25,Riesling,22.3,,,1
8/28/2023,A,R 3,V 34,Fiano,22.3,,,1
8/28/2023,RMI,R 19,V 1,Mourvedre,22.4,,,1
8/28/2023,RMI,R 16,V 2,Sauv. blanc,22.6,,,1
8/28/2023,A,R 1,V 1,Chardonnay,22.8,,,1
8/28/2023,A,R 1,V 13,Sauv. blanc,23.2,,,1
8/28/2023,RMI,R 15,V 3,Merlot,23.2,,,1
8/28/2023,A,R 2,V 41,Merlot,23.7,,,1
8/28/2023,RMI,R 16,V 1,Sauv. blanc,23.8,,,1
8/28/2023,A,R 2,V 40,Merlot,24,,,1
8/28/2023,RMI,R 12,V 5,Chardonnay,24,,,1
8/28/2023,A,R 1,V 14,Sauv. blanc,24.4,,,1
8/28/2023,A,R 2,V 56,Pinot noir,25.7,,,1
8/28/2023,A,R 3,V 29,Verdelho,25.8,,,1
8/28/2023,A,R 3,V 28,Verdelho,25.9,,,1
8/28/2023,RMI,R 32,V 3,Zinfandel,13,,,1
8/28/2023,RMI,R 30,V 7,Aglianico,13.2,,,1
8/28/2023,RMI,R 33,V 7,Grenache Noir,13.5,,,1
8/28/2023,RMI,R 30,V 8,Aglianico,13.6,,,1
8/28/2023,A2,R 3,V 13,Palomino,14.7,,,1
8/28/2023,RMI,R 32,V 4,Zinfandel,15.6,,,1
8/28/2023,RMI,R 35,V 4,Tempranillo,15.6,,,1
8/28/2023,RMI,R 34,V 7,Palomino,16.2,,,1
8/28/2023,RMI,R 31,V 4,Montepulciano,17.3,,,1
8/28/2023,RMI,R 34,V 8,Palomino,17.3,,,1
8/28/2023,A2,R 3,V 12,Palomino,17.6,,,1
8/28/2023,RMI,R 37,V 7,Tinta Cao,17.9,,,1
8/28/2023,A2,R 10,V 5,Nebbiolo,18,,,1
8/28/2023,RMI,R 38,V 6,Touriga Nacional,18.2,,,1
8/28/2023,RMI,R 28,V 10,Sagrantino,18.3,,,1
8/28/2023,A2,R 10,V 6,Nebbiolo,18.4,,,1
8/28/2023,A2,R 8,V 1,Tempranillo,18.4,,,1
8/28/2023,RMI,R 31,V 3,Montepulciano,18.4,,,1
8/28/2023,RMI,R 33,V 8,Grenache Noir,18.4,,,1
8/28/2023,A2,R 8,V 11,Grenache Noir,18.5,,,1
8/28/2023,RMI,R 37,V 8,Tinta Cao,18.6,,,1
8/28/2023,A2,R 5,V 8,Barbera,18.7,,,1
8/28/2023,A2,R 4,V 10,Zinfandel,19,,,1
8/28/2023,A2,R 4,V 12,Carignane,19,,,1
8/28/2023,A2,R 5,V 9,Barbera,19.4,,,1
8/28/2023,RMI,R 35,V 3,Tempranillo,19.4,,,1
8/28/2023,A2,R 9,V 11,Vermentino,19.8,,,1
8/28/2023,A2,R 4,V 9,Zinfandel,20.1,,,1
8/28/2023,RMI,R 38,V 5,Touriga Nacional,20.1,,,1
8/28/2023,A2,R 2,V 12,Riesling,20.2,,,1
8/28/2023,A2,R 8,V 15,Mourvedre,20.5,,,1
8/28/2023,A2,R 9,V 12,Vermentino,20.6,,,1
8/28/2023,RMI,R 28,V 9,Sagrantino,20.9,,,1
8/28/2023,A2,R 5,V 16,Syrah,21,,,1
8/28/2023,A2,R 8,V 2,Tempranillo,21,,,1
8/28/2023,A2,R 10,V 12,Montepulciano,21.1,,,1
8/28/2023,A2,R 7,V 12,Pinot noir,21.1,,,1
8/28/2023,A2,R 7,V 11,Pinot noir,21.6,,,1
8/28/2023,A2,R 2,V 13,Riesling,21.9,,,1
8/28/2023,A2,R 10,V 11,Montepulciano,22.4,,,1
8/28/2023,A2,R 4,V 13,Carignane,22.4,,,1
8/28/2023,A2,R 7,V 4,Cab. Sauv.,22.5,,,1
8/28/2023,A2,R 5,V 4,Sangiovese,22.6,,,1
8/28/2023,A2,R 5,V 5,Sangiovese,22.6,,,1
8/28/2023,A2,R 1,V 1,Chardonnay,22.7,,,1
8/28/2023,A2,R 1,V 2,Chardonnay,22.7,,,1
8/28/2023,A2,R 5,V 15,Syrah,22.8,,,1
8/28/2023,A2,R 7,V 5,Cab. Sauv.,22.9,,,1
8/28/2023,A2,R 1,V 15,Sauv. blanc,23.5,,,1
8/28/2023,RMI,R 38,V 7,Verdelho,23.9,,,1
8/28/2023,A2,R 1,V 16,Sauv. blanc,24,,,1
8/28/2023,A2,R 6,V 2,Merlot,24.2,,,1
8/28/2023,RMI,R 38,V 8,Verdelho,24.8,,,1
8/28/2023,A2,R 6,V 1,Merlot,25.4,,,1
8/28/2023,A2,R 8,V 14,Mourvedre,27,,,1
8/28/2023,A2,R 8,V 12,Grenache Noir,27.5,,,1
9/5/2023,RMI,R 17,V 10,Carignane,13.5,2.98,9.5,1
9/5/2023,RMI,R 17,V 9,Carignane,14.2,3.04,9.15,1
9/5/2023,A,R 2,V 8,Zinfandel,14.7,3.2,7.98,1
9/5/2023,A,R 2,V 7,Zinfandel,14.8,3.25,7.22,1
9/5/2023,A,R 2,V 2,Carignane,16,3.18,8.49,1
9/5/2023,A,R 2,V 22,Barbera,16.1,3.02,>10,1
9/5/2023,A,R 2,V 1,Carignane,16.4,3.12,8.88,1
9/5/2023,A,R 3,V 35,Fiano,17.5,3.23,5.26,1
9/5/2023,A,R 2,V 23,Barbera,17.9,3.11,>10,1
9/5/2023,RMI,R 24,V 2,Barbera,18.1,2.97,7.1,1
9/5/2023,A,R 2,V 16,Sangiovese,18.3,3.32,5.37,1
9/5/2023,A,R 2,V 17,Sangiovese,18.6,3.36,5.15,1
9/5/2023,A,R 3,V 46,Aglianico,18.6,3.09,8.44,1
9/5/2023,A,R 3,V 13,Tempranillo,19.2,3.85,3.03,1
9/5/2023,A,R 3,V 47,Aglianico,19.2,3.1,7.96,1
9/5/2023,RMI,R 19,V 10,Syrah,19.6,3.33,5.02,1
9/5/2023,RMI,R 14,V 2,Cab. Sauv.,20.2,3.45,6.24,1
9/5/2023,RMI,R 12,V 6,Chardonnay,20.3,3.41,6,1
9/5/2023,A,R 3,V 14,Tempranillo,20.4,3.8,3.43,1
9/5/2023,RMI,R 13,V 8,Pinot noir,20.9,3.64,4.27,1
9/5/2023,RMI,R 20,V 9,Riesling,21,3.24,6.11,1
9/5/2023,A,R 1,V 26,Riesling,21.5,3.29,5.45,1
9/5/2023,A,R 3,V 43,Montepulciano,21.5,3.1,6.94,1
9/5/2023,A,R 2,V 55,Pinot noir,21.8,3.86,3.1,1
9/5/2023,RMI,R 14,V 1,Cab. Sauv.,21.8,3.65,5.37,1
9/5/2023,RMI,R 24,V 1,Barbera,21.8,3.04,9.83,1
9/5/2023,RMI,R 13,V 7,Pinot noir,21.9,3.82,3.61,1
9/5/2023,RMI,R 19,V 2,Mourvedre,21.9,3.29,5.36,1
9/5/2023,RMI,R 20,V 10,Riesling,21.9,3.26,6.2,1
9/5/2023,A,R 1,V 25,Riesling,22,3.22,6,1
9/5/2023,RMI,R 19,V 9,Syrah,22.2,3.35,5.2,1
9/5/2023,A,R 2,V 26,Syrah,22.3,3.69,3.82,1
9/5/2023,A,R 2,V 47,Cab. Sauv.,22.3,3.49,4.93,1
9/5/2023,A,R 2,V 25,Syrah,22.5,3.6,4.57,1
9/5/2023,A,R 3,V 44,Montepulciano,22.8,3.22,6.37,1
9/5/2023,RMI,R 25,V 9,Nebbiolo,22.8,3.25,6.99,1
9/5/2023,A,R 3,V 5,Grenache Noir,22.9,3.52,4.14,1
9/5/2023,A,R 3,V 34,Fiano,23,3.27,5.05,1
9/5/2023,A,R 2,V 46,Cab. Sauv.,23.2,3.49,4.89,1
9/5/2023,A,R 3,V 50,Nebbiolo,23.4,3.15,6.38,1
9/5/2023,A,R 3,V 4,Grenache Noir,23.5,3.53,4.32,1
9/5/2023,A,R 1,V 1,Chardonnay,23.6,3.68,5.05,1
9/5/2023,RMI,R 15,V 4,Merlot,24,3.7,4.05,1
9/5/2023,RMI,R 25,V 10,Nebbiolo,24.1,3.3,5.69,1
9/5/2023,A,R 2,V 41,Merlot,24.3,3.52,3.78,1
9/5/2023,A,R 3,V 29,Verdelho,24.4,3.57,4.5,1
9/5/2023,RMI,R 19,V 1,Mourvedre,24.4,3.73,3.89,1
9/5/2023,RMI,R 12,V 5,Chardonnay,24.6,3.49,5.37,1
9/5/2023,A,R 2,V 40,Merlot,24.9,3.57,3.86,1
9/5/2023,RMI,R 15,V 3,Merlot,24.9,3.62,3.83,1
9/5/2023,A,R 1,V 13,Sauv. blanc,25.2,3.72,5.32,1
9/5/2023,RMI,R 16,V 2,Sauv. blanc,25.3,3.58,5.01,1
9/5/2023,RMI,R 16,V 1,Sauv. blanc,25.5,3.62,5.5,1
9/5/2023,A,R 2,V 56,Pinot noir,25.8,3.94,3.72,1
9/5/2023,A,R 1,V 14,Sauv. blanc,26.1,3.92,4.3,1
9/5/2023,A,R 3,V 28,Verdelho,26.5,3.57,4.84,1
9/7/2023,A2,R 3,V 13,Palomino,15.7,3.81,2.69,1
9/7/2023,RMI,R 30,V 7,Aglianico,15.7,2.99,>10,1
9/7/2023,RMI,R 30,V 8,Aglianico,16.3,3,9.94,1
9/7/2023,A2,R 3,V 12,Palomino,16.6,3.76,2.68,1
9/7/2023,RMI,R 33,V 7,Grenache Noir,17.1,3.19,5.48,1
9/7/2023,RMI,R 32,V 3,Zinfandel,17.6,3.09,7.43,1
9/7/2023,RMI,R 32,V 4,Zinfandel,17.6,3.13,7.16,1
9/7/2023,RMI,R 35,V 4,Tempranillo,17.6,3.29,5.33,1
9/7/2023,RMI,R 34,V 8,Palomino,18.1,3.6,2.99,1
9/7/2023,RMI,R 34,V 7,Palomino,18.4,3.51,3.28,1
9/7/2023,A2,R 10,V 5,Nebbiolo,18.6,3.3,6.2,1
9/7/2023,A2,R 8,V 1,Tempranillo,18.9,3.96,3.38,1
9/7/2023,A2,R 4,V 10,Zinfandel,19.3,3.4,6.01,1
9/7/2023,RMI,R 38,V 6,Touriga Nacional,19.5,3.33,5.46,1
9/7/2023,A2,R 10,V 6,Nebbiolo,19.6,3.26,5.96,1
9/7/2023,RMI,R 28,V 10,Sagrantino,19.6,3.27,6.88,1
9/7/2023,RMI,R 31,V 3,Montepulciano,19.7,3.13,7.16,1
9/7/2023,A2,R 4,V 12,Carignane,19.9,3.07,8.33,1
9/7/2023,A2,R 5,V 8,Barbera,20,3.15,8.24,1
9/7/2023,RMI,R 37,V 7,Tinta Cao,20.3,3.49,5.47,1
9/7/2023,A2,R 5,V 9,Barbera,20.5,3.06,9.36,1
9/7/2023,A2,R 2,V 13,Riesling,20.6,3.23,5.18,1
9/7/2023,RMI,R 35,V 3,Tempranillo,20.7,3.44,5.09,1
9/7/2023,RMI,R 33,V 8,Grenache Noir,20.8,3.21,4.98,1
9/7/2023,A2,R 4,V 9,Zinfandel,21.1,3.33,6.91,1
9/7/2023,RMI,R 31,V 4,Montepulciano,21.3,3.17,7.06,1
9/7/2023,RMI,R 37,V 8,Tinta Cao,21.3,3.67,5.05,1
9/7/2023,A2,R 8,V 11,Grenache Noir,21.5,3.39,4.08,1
9/7/2023,A2,R 7,V 12,Pinot noir,21.8,4.02,3.26,1
9/7/2023,RMI,R 38,V 5,Touriga Nacional,21.9,3.48,4.63,1
9/7/2023,A2,R 9,V 12,Vermentino,22,3.73,3.92,1
9/7/2023,A2,R 10,V 11,Montepulciano,22.2,3.47,4.86,1
9/7/2023,A2,R 5,V 16,Syrah,22.3,3.72,4.41,1
9/7/2023,A2,R 9,V 11,Vermentino,22.4,3.86,3.69,1
9/7/2023,A2,R 10,V 12,Montepulciano,22.5,3.43,4.96,1
9/7/2023,A2,R 8,V 15,Mourvedre,22.5,3.62,3.69,1
9/7/2023,A2,R 8,V 2,Tempranillo,22.6,4.02,3.23,1
9/7/2023,A2,R 2,V 12,Riesling,22.7,3.26,5.29,1
9/7/2023,RMI,R 28,V 9,Sagrantino,22.8,3.22,6.93,1
9/7/2023,A2,R 4,V 13,Carignane,23,3.09,8.3,1
9/7/2023,A2,R 7,V 11,Pinot noir,23,3.87,3.74,1
9/7/2023,A2,R 5,V 5,Sangiovese,23.3,3.26,6.01,1
9/7/2023,A2,R 5,V 4,Sangiovese,23.5,3.34,6.67,1
9/7/2023,A2,R 1,V 1,Chardonnay,23.8,3.74,4.41,1
9/7/2023,A2,R 5,V 15,Syrah,23.9,3.76,4.02,1
9/7/2023,A2,R 7,V 4,Cab. Sauv.,24.2,3.71,4.61,1
9/7/2023,A2,R 1,V 2,Chardonnay,24.3,3.66,4.79,1
9/7/2023,A2,R 1,V 15,Sauv. blanc,24.4,3.78,4.01,1
9/7/2023,A2,R 7,V 5,Cab. Sauv.,25,3.63,4.57,1
9/7/2023,A2,R 6,V 1,Merlot,25.3,3.86,3.26,1
9/7/2023,A2,R 6,V 2,Merlot,25.4,3.8,3.75,1
9/7/2023,RMI,R 38,V 7,Verdelho,25.4,3.51,3.64,1
9/7/2023,A2,R 1,V 16,Sauv. blanc,25.9,3.73,4.07,1
9/7/2023,RMI,R 38,V 8,Verdelho,26,3.64,4.72,1
9/7/2023,A2,R 8,V 12,Grenache Noir,27.2,3.57,3.58,1
9/7/2023,A2,R 8,V 14,Mourvedre,27.3,3.44,4.38,1
9/12/2023,RMI,R 17,V 10,Carignane,13.4,,,0
9/12/2023,RMI,R 17,V 9,Carignane,15.3,,,0
9/12/2023,A,R 2,V 8,Zinfandel,16,,,0
9/12/2023,A,R 2,V 2,Carignane,16.8,,,0
9/12/2023,A,R 2,V 1,Carignane,17.9,,,0
9/12/2023,A,R 3,V 46,Aglianico,18.3,,,0
9/12/2023,A,R 2,V 23,Barbera,18.7,,,0
9/12/2023,A,R 2,V 17,Sangiovese,19,,,0
9/12/2023,A,R 2,V 16,Sangiovese,19.2,,,0
9/12/2023,A,R 3,V 35,Fiano,19.4,,,0
9/12/2023,A,R 2,V 7,Zinfandel,19.7,,,0
9/12/2023,A,R 3,V 47,Aglianico,20.5,,,0
9/12/2023,A,R 2,V 22,Barbera,20.9,,,0
9/12/2023,RMI,R 20,V 9,Riesling,21.1,,,0
9/12/2023,RMI,R 14,V 2,Cab. Sauv.,21.4,,,0
9/12/2023,RMI,R 12,V 6,Chardonnay,21.6,,,0
9/12/2023,RMI,R 20,V 10,Riesling,21.7,,,0
9/12/2023,RMI,R 14,V 1,Cab. Sauv.,21.9,,,0
9/12/2023,RMI,R 19,V 10,Syrah,22,,,0
9/12/2023,A,R 3,V 14,Tempranillo,22.2,,,0
9/12/2023,RMI,R 19,V 2,Mourvedre,22.2,,,0
9/12/2023,RMI,R 24,V 2,Barbera,22.2,,,0
9/12/2023,A,R 1,V 26,Riesling,22.4,,,0
9/12/2023,RMI,R 19,V 9,Syrah,22.9,,,0
9/12/2023,A,R 3,V 5,Grenache Noir,23.1,,,0
9/12/2023,RMI,R 13,V 8,Pinot noir,23.1,,,0
9/12/2023,RMI,R 25,V 10,Nebbiolo,23.1,,,0
9/12/2023,A,R 2,V 55,Pinot noir,23.2,,,0
9/12/2023,RMI,R 24,V 1,Barbera,23.3,,,0
9/12/2023,A,R 2,V 47,Cab. Sauv.,23.4,,,0
9/12/2023,A,R 3,V 44,Montepulciano,23.4,,,0
9/12/2023,A,R 2,V 46,Cab. Sauv.,23.5,,,0
9/12/2023,A,R 1,V 25,Riesling,23.9,,,0
9/12/2023,A,R 3,V 43,Montepulciano,23.9,,,0
9/12/2023,A,R 3,V 50,Nebbiolo,24.3,,,0
9/12/2023,A,R 1,V 1,Chardonnay,24.4,,,0
9/12/2023,A,R 2,V 41,Merlot,24.4,,,0
9/12/2023,RMI,R 13,V 7,Pinot noir,24.5,,,0
9/12/2023,A,R 2,V 26,Syrah,24.6,,,0
9/12/2023,A,R 2,V 25,Syrah,24.8,,,0
9/12/2023,A,R 3,V 4,Grenache Noir,24.8,,,0
9/12/2023,RMI,R 25,V 9,Nebbiolo,25,,,0
9/12/2023,RMI,R 19,V 1,Mourvedre,25.3,,,0
9/12/2023,A,R 3,V 34,Fiano,25.5,,,0
9/12/2023,A,R 2,V 40,Merlot,25.7,,,0
9/12/2023,RMI,R 15,V 4,Merlot,25.8,,,0
9/12/2023,RMI,R 15,V 3,Merlot,26,,,0
9/12/2023,RMI,R 16,V 1,Sauv. blanc,26.4,,,0
9/12/2023,RMI,R 12,V 5,Chardonnay,26.5,,,0
9/12/2023,RMI,R 16,V 2,Sauv. blanc,26.5,,,0
9/12/2023,A,R 3,V 29,Verdelho,26.6,,,0
9/12/2023,A,R 3,V 28,Verdelho,26.7,,,0
9/12/2023,A,R 1,V 14,Sauv. blanc,27.5,,,0
9/12/2023,A,R 1,V 13,Sauv. blanc,28,,,0
9/12/2023,A,R 2,V 56,Pinot noir,28.7,,,0
9/12/2023,A,R 3,V 13,Tempranillo,21. 5,,,0
9/13/2023,RMI,R 32,V 4,Zinfandel,17,,,0
9/13/2023,RMI,R 30,V 8,Aglianico,17.9,,,0
9/13/2023,A2,R 3,V 13,Palomino,18.2,,,0
9/13/2023,RMI,R 30,V 7,Aglianico,18.3,,,0
9/13/2023,A2,R 10,V 5,Nebbiolo,18.4,,,0
9/13/2023,A2,R 3,V 12,Palomino,18.5,,,0
9/13/2023,RMI,R 34,V 8,Palomino,19.4,,,0
9/13/2023,RMI,R 32,V 3,Zinfandel,19.7,,,0
9/13/2023,RMI,R 33,V 7,Grenache Noir,19.9,,,0
9/13/2023,A2,R 8,V 1,Tempranillo,20,,,0
9/13/2023,RMI,R 38,V 6,Touriga Nacional,20.1,,,0
9/13/2023,RMI,R 34,V 7,Palomino,20.5,,,0
9/13/2023,A2,R 10,V 6,Nebbiolo,20.7,,,0
9/13/2023,A2,R 4,V 12,Carignane,20.9,,,0
9/13/2023,RMI,R 35,V 4,Tempranillo,21.1,,,0
9/13/2023,A2,R 5,V 8,Barbera,21.5,,,0
9/13/2023,RMI,R 31,V 3,Montepulciano,21.5,,,0
9/13/2023,A2,R 4,V 10,Zinfandel,21.6,,,0
9/13/2023,A2,R 5,V 9,Barbera,21.6,,,0
9/13/2023,RMI,R 37,V 7,Tinta Cao,21.9,,,0
9/13/2023,RMI,R 37,V 8,Tinta Cao,22,,,0
9/13/2023,A2,R 7,V 12,Pinot noir,22.1,,,0
9/13/2023,RMI,R 35,V 3,Tempranillo,22.2,,,0
9/13/2023,A2,R 2,V 12,Riesling,22.3,,,0
9/13/2023,RMI,R 33,V 8,Grenache Noir,22.3,,,0
9/13/2023,A2,R 10,V 11,Montepulciano,22.4,,,0
9/13/2023,RMI,R 31,V 4,Montepulciano,22.4,,,0
9/13/2023,A2,R 8,V 11,Grenache Noir,22.6,,,0
9/13/2023,A2,R 7,V 11,Pinot noir,22.7,,,0
9/13/2023,RMI,R 38,V 5,Touriga Nacional,22.7,,,0
9/13/2023,A2,R 10,V 12,Montepulciano,23,,,0
9/13/2023,RMI,R 28,V 10,Sagrantino,23,,,0
9/13/2023,A2,R 9,V 11,Vermentino,23.2,,,0
9/13/2023,A2,R 8,V 15,Mourvedre,23.3,,,0
9/13/2023,A2,R 5,V 5,Sangiovese,23.4,,,0
9/13/2023,A2,R 9,V 12,Vermentino,23.8,,,0
9/13/2023,A2,R 5,V 4,Sangiovese,24,,,0
9/13/2023,A2,R 8,V 2,Tempranillo,24,,,0
9/13/2023,A2,R 4,V 9,Zinfandel,24.1,,,0
9/13/2023,A2,R 7,V 4,Cab. Sauv.,24.1,,,0
9/13/2023,RMI,R 28,V 9,Sagrantino,24.1,,,0
9/13/2023,A2,R 2,V 13,Riesling,24.4,,,0
9/13/2023,A2,R 5,V 16,Syrah,24.4,,,0
9/13/2023,A2,R 1,V 1,Chardonnay,24.7,,,0
9/13/2023,A2,R 4,V 13,Carignane,25.2,,,0
9/13/2023,A2,R 1,V 15,Sauv. blanc,25.4,,,0
9/13/2023,A2,R 1,V 2,Chardonnay,25.4,,,0
9/13/2023,A2,R 7,V 5,Cab. Sauv.,25.7,,,0
9/13/2023,A2,R 5,V 15,Syrah,26.1,,,0
9/13/2023,RMI,R 38,V 7,Verdelho,26.3,,,0
9/13/2023,A2,R 6,V 2,Merlot,27,,,0
9/13/2023,RMI,R 38,V 8,Verdelho,27.1,,,0
9/13/2023,A2,R 1,V 16,Sauv. blanc,27.3,,,0
9/13/2023,A2,R 8,V 12,Grenache Noir,27.8,,,0
9/13/2023,A2,R 8,V 14,Mourvedre,27.9,,,0
9/13/2023,A2,R 6,V 1,Merlot,29.1,,,0
9/27/2023,RMI,R 17,V 10,Carignane,17.1,,,0
9/27/2023,RMI,R 35,V 4,Tempranillo,17.3,,,0
9/27/2023,A,R 2,V 8,Zinfandel,17.9,,,0
9/27/2023,RMI,R 17,V 9,Carignane,17.9,,,0
9/27/2023,A,R 2,V 7,Zinfandel,18.6,,,0
9/27/2023,RMI,R 32,V 4,Zinfandel,18.6,,,0
9/27/2023,A2,R 3,V 13,Palomino,19,,,0
9/27/2023,RMI,R 34,V 8,Palomino,19.4,,,0
9/27/2023,A,R 2,V 2,Carignane,19.7,,,0
9/27/2023,RMI,R 33,V 7,Grenache Noir,20,,,0
9/27/2023,A,R 2,V 1,Carignane,20.1,,,0
9/27/2023,RMI,R 30,V 7,Aglianico,20.1,,,0
9/27/2023,RMI,R 32,V 3,Zinfandel,20.3,,,0
9/27/2023,RMI,R 30,V 8,Aglianico,20.5,,,0
9/27/2023,A,R 2,V 17,Sangiovese,20.7,,,0
9/27/2023,A,R 3,V 13,Tempranillo,20.7,,,0
9/27/2023,A,R 3,V 46,Aglianico,21,,,0
9/27/2023,RMI,R 20,V 9,Riesling,21,,,0
9/27/2023,A2,R 3,V 12,Palomino,21.2,,,0
9/27/2023,RMI,R 34,V 7,Palomino,21.3,,,0
9/27/2023,RMI,R 28,V 10,Sagrantino,21.4,,,0
9/27/2023,RMI,R 12,V 6,Chardonnay,21.6,,,0
9/27/2023,RMI,R 20,V 10,Riesling,21.6,,,0
9/27/2023,A,R 2,V 16,Sangiovese,21.7,,,0
9/27/2023,A,R 2,V 23,Barbera,21.7,,,0
9/27/2023,RMI,R 38,V 6,Touriga Nacional,21.7,,,0
9/27/2023,A,R 2,V 22,Barbera,21.8,,,0
9/27/2023,A2,R 10,V 6,Nebbiolo,22,,,0
9/27/2023,A,R 3,V 14,Tempranillo,22.2,,,0
9/27/2023,A,R 3,V 47,Aglianico,22.2,,,0
9/27/2023,A2,R 10,V 12,Montepulciano,22.2,,,0
9/27/2023,A,R 1,V 25,Riesling,22.3,,,0
9/27/2023,RMI,R 31,V 3,Montepulciano,22.3,,,0
9/27/2023,A2,R 5,V 8,Barbera,22.4,,,0
9/27/2023,A2,R 4,V 12,Carignane,22.5,,,0
9/27/2023,A2,R 10,V 5,Nebbiolo,22.7,,,0
9/27/2023,A2,R 4,V 10,Zinfandel,22.7,,,0
9/27/2023,RMI,R 38,V 5,Touriga Nacional,22.8,,,0
9/27/2023,A,R 1,V 26,Riesling,22.9,,,0
9/27/2023,A,R 3,V 35,Fiano,22.9,,,0
9/27/2023,A2,R 10,V 11,Montepulciano,22.9,,,0
9/27/2023,A,R 2,V 55,Pinot noir,23.1,,,0
9/27/2023,RMI,R 14,V 1,Cab. Sauv.,23.1,,,0
9/27/2023,A2,R 5,V 9,Barbera,23.2,,,0
9/27/2023,RMI,R 37,V 7,Tinta Cao,23.2,,,0
9/27/2023,RMI,R 24,V 1,Barbera,23.3,,,0
9/27/2023,RMI,R 14,V 2,Cab. Sauv.,23.4,,,0
9/27/2023,A,R 3,V 34,Fiano,23.7,,,0
9/27/2023,RMI,R 31,V 4,Montepulciano,23.9,,,0
9/27/2023,RMI,R 35,V 3,Tempranillo,23.9,,,0
9/27/2023,RMI,R 19,V 10,Syrah,24.1,,,0
9/27/2023,RMI,R 37,V 8,Tinta Cao,24.1,,,0
9/27/2023,RMI,R 13,V 8,Pinot noir,24.2,,,0
9/27/2023,A2,R 5,V 5,Sangiovese,24.3,,,0
9/27/2023,A2,R 8,V 11,Grenache Noir,24.3,,,0
9/27/2023,RMI,R 33,V 8,Grenache Noir,24.3,,,0
9/27/2023,A2,R 2,V 12,Riesling,24.4,,,0
9/27/2023,A2,R 7,V 12,Pinot noir,24.4,,,0
9/27/2023,A2,R 8,V 1,Tempranillo,24.4,,,0
9/27/2023,A,R 2,V 41,Merlot,24.5,,,0
9/27/2023,A2,R 5,V 4,Sangiovese,24.6,,,0
9/27/2023,A,R 2,V 47,Cab. Sauv.,24.9,,,0
9/27/2023,A,R 3,V 43,Montepulciano,24.9,,,0
9/27/2023,A,R 3,V 50,Nebbiolo,24.9,,,0
9/27/2023,A2,R 7,V 11,Pinot noir,24.9,,,0
9/27/2023,RMI,R 19,V 9,Syrah,24.9,,,0
9/27/2023,RMI,R 24,V 2,Barbera,24.9,,,0
9/27/2023,A,R 2,V 25,Syrah,25,,,0
9/27/2023,A2,R 5,V 16,Syrah,25,,,0
9/27/2023,A,R 2,V 26,Syrah,25.1,,,0
9/27/2023,A,R 2,V 46,Cab. Sauv.,25.1,,,0
9/27/2023,A,R 3,V 44,Montepulciano,25.2,,,0
9/27/2023,A2,R 9,V 12,Vermentino,25.2,,,0
9/27/2023,A,R 1,V 1,Chardonnay,25.3,,,0
9/27/2023,A2,R 1,V 1,Chardonnay,25.4,,,0
9/27/2023,A2,R 9,V 11,Vermentino,25.4,,,0
9/27/2023,A2,R 2,V 13,Riesling,25.6,,,0
9/27/2023,RMI,R 19,V 2,Mourvedre,25.6,,,0
9/27/2023,A2,R 8,V 2,Tempranillo,25.8,,,0
9/27/2023,RMI,R 25,V 9,Nebbiolo,25.8,,,0
9/27/2023,A,R 3,V 5,Grenache Noir,25.9,,,0
9/27/2023,A2,R 8,V 15,Mourvedre,26.2,,,0
9/27/2023,A2,R 1,V 2,Chardonnay,26.4,,,0
9/27/2023,A2,R 4,V 9,Zinfandel,26.4,,,0
9/27/2023,RMI,R 19,V 1,Mourvedre,26.8,,,0
9/27/2023,RMI,R 13,V 7,Pinot noir,27,,,0
9/27/2023,A2,R 4,V 13,Carignane,27.3,,,0
9/27/2023,RMI,R 28,V 9,Sagrantino,27.5,,,0
9/18/2023,A,R 2,V 8,Zinfandel,13.6,3.38,6.24,1
9/18/2023,A2,R 3,V 13,Palomino,14.1,3.86,4.3,1
9/18/2023,A,R 2,V 7,Zinfandel,15.5,3.41,6.52,1
9/18/2023,A,R 2,V 22,Barbera,15.6,3.09,10.13,1
9/18/2023,RMI,R 17,V 9,Carignane,15.8,3.06,7.83,1
9/18/2023,RMI,R 17,V 10,Carignane,15.9,3.13,7.43,1
9/18/2023,RMI,R 30,V 7,Aglianico,16.5,3.31,7.89,1
9/18/2023,RMI,R 30,V 8,Aglianico,17,3.36,7.41,1
9/18/2023,A2,R 3,V 12,Palomino,17.6,4.03,3.63,1
9/18/2023,A,R 2,V 2,Carignane,17.7,3.41,5.89,1
9/18/2023,RMI,R 33,V 8,Grenache Noir,17.9,3.68,6.86,1
9/18/2023,RMI,R 34,V 7,Palomino,18,3.82,3.7,1
9/18/2023,A,R 2,V 1,Carignane,18.3,3.46,6.48,1
9/18/2023,A,R 2,V 17,Sangiovese,18.3,3.55,5.09,1
9/18/2023,A,R 2,V 23,Barbera,18.4,3.22,8.69,1
9/18/2023,RMI,R 35,V 4,Tempranillo,18.6,3.65,5.08,1
9/18/2023,RMI,R 34,V 8,Palomino,18.8,3.85,3.25,1
9/18/2023,A2,R 10,V 5,Nebbiolo,18.9,3.84,5.84,1
9/18/2023,RMI,R 28,V 10,Sagrantino,18.9,3.59,5.16,1
9/18/2023,A,R 2,V 16,Sangiovese,19,3.5,5.05,1
9/18/2023,A,R 3,V 46,Aglianico,19.8,3.32,5.97,1
9/18/2023,RMI,R 24,V 2,Barbera,20.3,3.09,9.72,1
9/18/2023,RMI,R 32,V 3,Zinfandel,20.3,3.16,7.1,1
9/18/2023,RMI,R 32,V 4,Zinfandel,20.3,3.2,7.09,1
9/18/2023,A,R 3,V 13,Tempranillo,20.4,4.06,3.23,1
9/18/2023,RMI,R 31,V 3,Montepulciano,20.4,3.51,5.36,1
9/18/2023,A2,R 5,V 8,Barbera,20.7,3.4,6.52,1
9/18/2023,RMI,R 38,V 6,Touriga Nacional,20.9,3.57,4.98,1
9/18/2023,A2,R 4,V 10,Zinfandel,21,3.51,6.24,1
9/18/2023,A,R 3,V 47,Aglianico,21.1,3.31,5.6,1
9/18/2023,A,R 2,V 55,Pinot noir,21.2,3.7,5.11,1
9/18/2023,RMI,R 14,V 2,Cab. Sauv.,21.2,3.72,4.2,1
9/18/2023,RMI,R 20,V 9,Riesling,21.2,3.43,7.24,1
9/18/2023,RMI,R 38,V 5,Touriga Nacional,21.3,3.75,4.63,1
9/18/2023,A2,R 10,V 6,Nebbiolo,21.4,3.62,5.41,1
9/18/2023,RMI,R 35,V 3,Tempranillo,21.5,3.69,4.83,1
9/18/2023,A2,R 5,V 9,Barbera,21.6,3.41,6.69,1
9/18/2023,RMI,R 37,V 8,Tinta Cao,21.6,3.99,4.83,1
9/18/2023,RMI,R 37,V 7,Tinta Cao,21.7,3.81,4.75,1
9/18/2023,RMI,R 12,V 6,Chardonnay,22,3.67,4.83,1
9/18/2023,A,R 3,V 14,Tempranillo,22.2,4.06,3.53,1
9/18/2023,RMI,R 31,V 4,Montepulciano,22.3,3.45,5.37,1
9/18/2023,RMI,R 33,V 7,Grenache Noir,22.3,3.61,4.24,1
9/18/2023,A2,R 4,V 12,Carignane,22.4,3.31,7.43,1
9/18/2023,A2,R 8,V 11,Grenache Noir,22.4,3.82,3.51,1
9/18/2023,A,R 1,V 26,Riesling,22.6,3.64,4.41,1
9/18/2023,RMI,R 14,V 1,Cab. Sauv.,22.6,3.64,5.5,1
9/18/2023,RMI,R 20,V 10,Riesling,22.6,3.45,5.08,1
9/18/2023,A,R 1,V 25,Riesling,22.7,3.44,5.6,1
9/18/2023,RMI,R 19,V 10,Syrah,22.7,3.49,5.05,1
9/18/2023,A2,R 10,V 11,Montepulciano,22.9,4.58,3.75,1
9/18/2023,A2,R 2,V 12,Riesling,23.1,3.64,4.75,1
9/18/2023,A,R 3,V 35,Fiano,23.2,3.52,4.11,1
9/18/2023,A2,R 7,V 12,Pinot noir,23.2,4.29,3.94,1
9/18/2023,RMI,R 24,V 1,Barbera,23.3,3.51,8.08,1
9/18/2023,A,R 2,V 46,Cab. Sauv.,23.4,3.61,4.05,1
9/18/2023,A2,R 2,V 13,Riesling,23.4,3.56,5.77,1
9/18/2023,A2,R 5,V 5,Sangiovese,23.4,3.62,4.48,1
9/18/2023,A2,R 9,V 11,Vermentino,23.4,4.01,4.04,1
9/18/2023,A,R 2,V 26,Syrah,23.5,3.76,4.19,1
9/18/2023,A,R 2,V 25,Syrah,23.7,3.72,4.42,1
9/18/2023,A,R 3,V 5,Grenache Noir,23.7,3.71,4.22,1
9/18/2023,RMI,R 19,V 2,Mourvedre,23.7,3.64,4.5,1
9/18/2023,A,R 3,V 34,Fiano,23.8,3.5,4.33,1
9/18/2023,A2,R 8,V 1,Tempranillo,23.8,3.99,5.48,1
9/18/2023,RMI,R 19,V 9,Syrah,23.8,3.48,4.96,1
9/18/2023,A,R 3,V 44,Montepulciano,23.9,3.39,4.88,1
9/18/2023,A2,R 5,V 16,Syrah,23.9,4.11,4.41,1
9/18/2023,A2,R 5,V 4,Sangiovese,23.9,3.61,6,1
9/18/2023,A2,R 8,V 15,Mourvedre,23.9,3.86,3.91,1
9/18/2023,A2,R 8,V 2,Tempranillo,23.9,4.13,3.95,1
9/18/2023,A2,R 9,V 12,Vermentino,23.9,4.02,3.99,1
9/18/2023,A2,R 10,V 12,Montepulciano,24.1,4.47,3.75,1
9/18/2023,A2,R 7,V 11,Pinot noir,24.1,4.29,3.76,1
9/18/2023,A,R 1,V 1,Chardonnay,24.2,4.02,3.91,1
9/18/2023,A,R 2,V 47,Cab. Sauv.,24.2,3.75,3.64,1
9/18/2023,RMI,R 28,V 9,Sagrantino,24.2,3.43,5.73,1
9/18/2023,A,R 3,V 43,Montepulciano,24.3,3.46,5.16,1
9/18/2023,A,R 2,V 41,Merlot,24.4,3.62,3.66,1
9/18/2023,A2,R 4,V 13,Carignane,24.5,3.23,7.31,1
9/18/2023,RMI,R 19,V 1,Mourvedre,24.5,3.89,4.69,1
9/18/2023,A2,R 1,V 2,Chardonnay,24.7,4.08,4.43,1
9/18/2023,RMI,R 13,V 7,Pinot noir,24.7,4.04,4.24,1
9/18/2023,RMI,R 25,V 9,Nebbiolo,24.7,3.57,5.05,1
9/18/2023,A,R 3,V 50,Nebbiolo,24.9,3.41,5.51,1
9/18/2023,RMI,R 13,V 8,Pinot noir,24.9,3.95,3.8,1
9/18/2023,A2,R 1,V 1,Chardonnay,25.1,4.01,4.54,1
9/18/2023,A2,R 4,V 9,Zinfandel,25.1,3.58,6.43,1
9/18/2023,RMI,R 16,V 1,Sauv. blanc,25.1,3.99,4.58,1
9/18/2023,RMI,R 15,V 4,Merlot,25.4,3.83,3.59,1
9/18/2023,A,R 3,V 4,Grenache Noir,25.5,3.87,3.57,1
9/18/2023,A2,R 7,V 4,Cab. Sauv.,25.5,3.94,5.02,1
9/18/2023,RMI,R 15,V 3,Merlot,25.5,3.72,3.63,1
9/18/2023,A,R 2,V 40,Merlot,25.6,3.66,3.44,1
9/18/2023,RMI,R 25,V 10,Nebbiolo,25.6,3.5,5.64,1
9/18/2023,A,R 3,V 29,Verdelho,25.8,3.9,3.58,1
9/18/2023,A2,R 5,V 15,Syrah,25.8,4.21,3.93,1
9/18/2023,A,R 3,V 28,Verdelho,26.2,3.84,5.2,1
9/18/2023,A2,R 7,V 5,Cab. Sauv.,26.3,3.93,4.56,1
9/18/2023,RMI,R 16,V 2,Sauv. blanc,26.3,3.87,5.11,1
9/18/2023,RMI,R 38,V 7,Verdelho,26.3,3.8,4.59,1
9/18/2023,A2,R 1,V 15,Sauv. blanc,26.5,4.25,3.57,1
9/18/2023,A,R 1,V 14,Sauv. blanc,26.6,4.34,4.69,1
9/18/2023,A,R 1,V 13,Sauv. blanc,26.7,4.14,4.57,1
9/18/2023,RMI,R 38,V 8,Verdelho,26.7,3.9,4.24,1
9/18/2023,A,R 2,V 56,Pinot noir,26.8,4,4.28,1
9/18/2023,RMI,R 12,V 5,Chardonnay,26.9,3.8,4.34,1
9/18/2023,A2,R 1,V 16,Sauv. blanc,27.2,4.16,4.25,1
9/18/2023,A2,R 6,V 2,Merlot,27.2,4.06,4,1
9/18/2023,A2,R 8,V 12,Grenache Noir,27.9,3.78,3.84,1
9/18/2023,A2,R 8,V 14,Mourvedre,28,3.8,4.47,1
9/18/2023,A2,R 6,V 1,Merlot,28.9,4.09,3.52,1
10/9/2023,A,R 2,V 22,Barbera,19.8,,,0
10/9/2023,A,R 2,V 8,Zinfandel,19.9,,,0
10/9/2023,A,R 2,V 2,Carignane,20.7,,,0
10/9/2023,A,R 2,V 23,Barbera,20.9,,,0
10/9/2023,RMI,R 34,V 7,Palomino,21.1,,,0
10/9/2023,RMI,R 17,V 9,Carignane,21.2,,,0
10/9/2023,RMI,R 30,V 7,Aglianico,21.7,,,0
10/9/2023,RMI,R 30,V 8,Aglianico,21.7,,,0
10/9/2023,A,R 2,V 16,Sangiovese,21.8,,,0
10/9/2023,A,R 2,V 17,Sangiovese,21.8,,,0
10/9/2023,RMI,R 34,V 8,Palomino,21.8,,,0
10/9/2023,A2,R 10,V 6,Nebbiolo,22,,,0
10/9/2023,A,R 3,V 13,Tempranillo,22.3,,,0
10/9/2023,A2,R 3,V 13,Palomino,22.4,,,0
10/9/2023,RMI,R 17,V 10,Carignane,22.5,,,0
10/9/2023,RMI,R 20,V 9,Riesling,22.6,,,0
10/9/2023,A,R 2,V 1,Carignane,22.9,,,0
10/9/2023,A2,R 3,V 12,Palomino,23.1,,,0
10/9/2023,RMI,R 28,V 10,Sagrantino,23.2,,,0
10/9/2023,A2,R 4,V 10,Zinfandel,23.3,,,0
10/9/2023,A,R 3,V 14,Tempranillo,23.4,,,0
10/9/2023,RMI,R 35,V 4,Tempranillo,23.4,,,0
10/9/2023,RMI,R 20,V 10,Riesling,23.7,,,0
10/9/2023,RMI,R 32,V 4,Zinfandel,23.8,,,0
10/9/2023,RMI,R 14,V 2,Cab. Sauv.,23.9,,,0
10/9/2023,A,R 3,V 46,Aglianico,24,,,0
10/9/2023,A2,R 10,V 5,Nebbiolo,24,,,0
10/9/2023,A2,R 4,V 12,Carignane,24.1,,,0
10/9/2023,A2,R 5,V 8,Barbera,24.1,,,0
10/9/2023,A,R 2,V 7,Zinfandel,24.2,,,0
10/9/2023,RMI,R 37,V 7,Tinta Cao,24.3,,,0
10/9/2023,RMI,R 19,V 9,Syrah,24.5,,,0
10/9/2023,A2,R 5,V 9,Barbera,24.6,,,0
10/9/2023,A,R 3,V 34,Fiano,24.8,,,0
10/9/2023,RMI,R 32,V 3,Zinfandel,24.8,,,0
10/9/2023,RMI,R 31,V 3,Montepulciano,24.9,,,0
10/9/2023,A,R 1,V 25,Riesling,25,,,0
10/9/2023,RMI,R 35,V 3,Tempranillo,25,,,0
10/9/2023,A2,R 7,V 12,Pinot noir,25.1,,,0
10/9/2023,A2,R 7,V 11,Pinot noir,25.2,,,0
10/9/2023,A,R 3,V 35,Fiano,25.3,,,0
10/9/2023,A2,R 5,V 4,Sangiovese,25.3,,,0
10/9/2023,A2,R 5,V 5,Sangiovese,25.3,,,0
10/9/2023,RMI,R 14,V 1,Cab. Sauv.,25.3,,,0
10/9/2023,A,R 1,V 26,Riesling,25.5,,,0
10/9/2023,A2,R 10,V 12,Montepulciano,25.7,,,0
10/9/2023,A2,R 5,V 16,Syrah,25.8,,,0
10/9/2023,RMI,R 24,V 2,Barbera,25.8,,,0
10/9/2023,RMI,R 31,V 4,Montepulciano,25.8,,,0
10/9/2023,RMI,R 33,V 7,Grenache Noir,25.8,,,0
10/9/2023,RMI,R 37,V 8,Tinta Cao,25.8,,,0
10/9/2023,A,R 3,V 47,Aglianico,25.9,,,0
10/9/2023,A2,R 2,V 12,Riesling,25.9,,,0
10/9/2023,RMI,R 24,V 1,Barbera,25.9,,,0
10/9/2023,A2,R 8,V 1,Tempranillo,26,,,0
10/9/2023,RMI,R 12,V 6,Chardonnay,26,,,0
10/9/2023,A,R 3,V 43,Montepulciano,26.1,,,0
10/9/2023,A2,R 8,V 11,Grenache Noir,26.2,,,0
10/9/2023,A2,R 10,V 11,Montepulciano,26.3,,,0
10/9/2023,RMI,R 19,V 10,Syrah,26.4,,,0
10/9/2023,RMI,R 33,V 8,Grenache Noir,27.9,,,0
10/9/2023,RMI,R 38,V 5,Touriga Nacional,28,,,0
10/9/2023,A,R 2,V 41,Merlot,28.5,,,0
10/9/2023,RMI,R 13,V 8,Pinot noir,28.6,,,0
10/9/2023,RMI,R 38,V 6,Touriga Nacional,28.6,,,0
10/9/2023,A,R 3,V 50,Nebbiolo,28.7,,,0
10/9/2023,A,R 2,V 55,Pinot noir,32.5,,,0
10/9/2023,A,R 2,V 47,Cab. Sauv.,33.3,,,0
10/18/2023,RMI,R 30,V 7,Aglianico,21.7,,,0
10/18/2023,RMI,R 17,V 9,Carignane,22.4,,,0
10/18/2023,RMI,R 30,V 8,Aglianico,22.4,,,0
10/18/2023,RMI,R 35,V 4,Tempranillo,22.4,,,0
10/18/2023,RMI,R 34,V 8,Palomino,22.7,,,0
10/18/2023,A,R 2,V 8,Zinfandel,22.8,,,0
10/18/2023,RMI,R 34,V 7,Palomino,22.8,,,0
10/18/2023,A,R 3,V 13,Tempranillo,22.9,,,0
10/18/2023,A2,R 10,V 6,Nebbiolo,22.9,,,0
10/18/2023,A2,R 3,V 12,Palomino,22.9,,,0
10/18/2023,A2,R 3,V 13,Palomino,22.9,,,0
10/18/2023,A,R 2,V 2,Carignane,23,,,0
10/18/2023,RMI,R 32,V 4,Zinfandel,23.1,,,0
10/18/2023,A,R 2,V 17,Sangiovese,23.2,,,0
10/18/2023,A,R 3,V 46,Aglianico,23.2,,,0
10/18/2023,A,R 2,V 1,Carignane,23.4,,,0
10/18/2023,RMI,R 17,V 10,Carignane,23.4,,,0
10/18/2023,A,R 3,V 14,Tempranillo,23.5,,,0
10/18/2023,A2,R 4,V 12,Carignane,23.5,,,0
10/18/2023,RMI,R 14,V 2,Cab. Sauv.,23.5,,,0
10/18/2023,A2,R 4,V 10,Zinfandel,23.9,,,0
10/18/2023,RMI,R 20,V 9,Riesling,23.9,,,0
10/18/2023,A2,R 5,V 8,Barbera,24.1,,,0
10/18/2023,A,R 2,V 16,Sangiovese,24.2,,,0
10/18/2023,RMI,R 28,V 10,Sagrantino,24.2,,,0
10/18/2023,RMI,R 20,V 10,Riesling,24.5,,,0
10/18/2023,RMI,R 32,V 3,Zinfandel,24.7,,,0
10/18/2023,RMI,R 37,V 7,Tinta Cao,24.8,,,0
10/18/2023,A,R 3,V 34,Fiano,24.9,,,0
10/18/2023,A,R 2,V 23,Barbera,25,,,0
10/18/2023,A2,R 5,V 9,Barbera,25.3,,,0
10/18/2023,RMI,R 31,V 3,Montepulciano,25.6,,,0
10/18/2023,A,R 2,V 22,Barbera,26.6,,,0
10/18/2023,A,R 2,V 7,Zinfandel,26.7,,,0
10/18/2023,RMI,R 19,V 9,Syrah,28,,,0
